Index,Article Name
0,Áedán_mac_Gabráin
1,Åland
2,Édouard_Manet
3,Éire
4,Óengus_I_of_the_Picts
5,€2_commemorative_coins
6,10th_century
7,11th_century
8,12th_century
9,13th_century
10,14th_century
11,15th_Marine_Expeditionary_Unit
12,15th_century
13,16_Cygni
14,16_Cygni_Bb
15,16th_century
16,1755_Lisbon_earthquake
17,17th_century
18,1896_Summer_Olympics
19,18th_century
20,1928_Okeechobee_Hurricane
21,1973_oil_crisis
22,1980_eruption_of_Mount_St._Helens
23,1997_Pacific_hurricane_season
24,19th_century
25,1_Ceres
26,1st_century
27,1st_century_BC
28,2/6/2000
29,2/8/2000
30,2003_Atlantic_hurricane_season
31,2004_Atlantic_hurricane_season
32,2004_Indian_Ocean_earthquake
33,2005_Atlantic_hurricane_season
34,2005_Hertfordshire_Oil_Storage_Terminal_fire
35,2005_Kashmir_earthquake
36,2005_Lake_Tanganyika_earthquake
37,2005_Sumatra_earthquake
38,20th_century
39,21st_century
40,2nd_century
41,3_Juno
42,3rd_century
43,4/2/2000
44,4/4/2000
45,4/6/2000
46,47_Ursae_Majoris
47,47_Ursae_Majoris_b
48,47_Ursae_Majoris_c
49,4_Vesta
50,4th_century
51,55_Cancri
52,55_Cancri_b
53,55_Cancri_c
54,55_Cancri_d
55,55_Cancri_e
56,5th_century
57,6/2/2000
58,6th_century
59,7th_century
60,8th_century
61,90377_Sedna
62,9th_century
63,A._E._J._Collins
64,ABO_blood_group_system
65,AC_DC
66,AIDS
67,AK-47
68,ALCO_FA
69,ASCII
70,AT&T
71,ATLAS_experiment
72,A_Christmas_Carol
73,A_Tale_of_a_Tub
74,A_Wrinkle_in_Time
75,A_cappella
76,Aachen
77,Aardvark
78,Aarhus
79,Abacá
80,Abacus
81,Abadan
82,Abbadid
83,Abbas_I_of_Persia
84,Abbasid
85,Abbey
86,Abbey_Theatre
87,Abbot
88,Abel_Tasman
89,Aberdeen
90,Aberration_of_light
91,Aberystwyth
92,Abhidhamma_Pitaka
93,Abidjan
94,Abkhazia
95,Able_Archer_83
96,Abraham_Goldfaden
97,Abraham_Lincoln
98,Absinthe
99,Absolute_zero
100,Abstract_art
101,Abu_Dhabi
102,Abuja
103,Acceleration
104,Accountancy
105,Accra
106,Acetic_acid
107,Acetone
108,Achilles
109,Achilles_tendon
110,Acid_rain
111,Acorn_Computers
112,Actinium
113,Action_potential
114,Actor
115,Acts_of_Union_1707
116,Actuary
117,Adam_Smith
118,Addis_Ababa
119,Adelaide
120,Adenosine_triphosphate
121,Adi_Shankara
122,Adolf_Hitler
123,Adriaen_van_der_Donck
124,Advertising
125,Aesthetics
126,Afghan_Hound
127,Afghanistan
128,Africa
129,African_American_literature
130,African_Black_Oystercatcher
131,African_Brush-tailed_Porcupine
132,African_Buffalo
133,African_Darter
134,African_Great_Lakes
135,African_Grey_Hornbill
136,African_Grey_Parrot
137,African_Jacana
138,African_Penguin
139,African_Union
140,African_Wild_Dog
141,African_clawed_frog
142,African_dwarf_frog
143,African_slave_trade
144,Afrikaans
145,Agamemnon
146,Age_of_Enlightenment
147,Aggregator
148,Agnosticism
149,Agriculture
150,Airbus
151,Airbus_A380
152,Aircraft
153,Aircraft_carrier
154,Airship
155,Ajax_(programming)
156,Akbar
157,Akhenaten
158,Akira_Kurosawa
159,Akkadian_Empire
160,Akrotiri_and_Dhekelia
161,Aksumite_currency
162,Al_Jazeera
163,Alamosaurus
164,Alan_Turing
165,Albania
166,Albatross
167,Albert_Einstein
168,Alberto_Santos-Dumont
169,Albertosaurus
170,Albigensian_Crusade
171,Albinism
172,Albrecht_Dürer
173,Albrecht_Rodenbach
174,Alchemy
175,Alcibiades
176,Alcohol
177,Aleksandr_Pushkin
178,Aleksandr_Vasilevsky
179,Aleksey_Arakcheyev
180,Alexander_Graham_Bell
181,Alexander_Hamilton
182,Alexander_the_Great
183,Alfred_Hitchcock
184,Alfred_Nobel
185,Alfred_the_Great
186,Algebra
187,Algeria
188,Algerian_Civil_War
189,Algiers
190,Algol
191,Algoma_Central_Railway
192,Algorithm
193,Alice's_Adventures_in_Wonderland
194,All_Blacks
195,All_You_Need_Is_Love_(The_JAMs_song)
196,All_your_base_are_belong_to_us
197,Allah
198,Allegory_in_the_Middle_Ages
199,Alligator
200,Alliterative_verse
201,Allosaurus
202,Almaty
203,Almond
204,Alpaca
205,Alphabet
206,Alternating_current
207,Alternation_of_generations
208,Alternative_rock
209,Aluminium
210,Aluminium_chloride
211,Alzheimer's_disease
212,Amaranth_oil
213,"Amarillo,_Texas"
214,Amazon_Basin
215,Amazon_Rainforest
216,Amazon_River
217,Amazon_parrot
218,Amber
219,Amda_Seyon_I
220,American_Civil_War
221,American_English
222,American_Revolutionary_War
223,American_Samoa
224,American_football
225,American_popular_music
226,Americium
227,Amish
228,Ammolite
229,Ammonia
230,Ammonite
231,Ammosaurus
232,Amsterdam
233,Amtrak
234,Amur
235,Anaconda
236,Analytical_Marxism
237,Anarchism
238,Anarcho-capitalism
239,Anatomy
240,Ancient_Egypt
241,Ancient_Greece
242,Ancient_Rome
243,Ancient_history
244,Andes
245,Andorra
246,Andrés_Nocioni
247,Andrew_Carnegie
248,Andrew_Dickson_White
249,Andrew_Gonzalez
250,Andrew_Jackson
251,Andrew_Johnson
252,Andrew_Robinson
253,Andriyivskyy_Descent
254,Andromeda_Galaxy
255,Andy_Warhol
256,Anemia
257,Angel_shark
258,Angelica
259,Angkor
260,Angkor_Wat
261,Anglican_Church_of_Australia
262,Anglican_Communion
263,Anglicanism
264,Anglo-Saxon_literature
265,Angola
266,Anguilla
267,Animal
268,Animal_law
269,Animal_rights
270,Animation
271,Ankylosaurus
272,"Ann_Arbor,_Michigan"
273,Anna_Karenina
274,Anne_Frank
275,Anne_of_Great_Britain
276,Annibale_Bugnini
277,Anno_Domini
278,Anschluss
279,Ant
280,Antananarivo
281,Antarctic_Treaty_System
282,Antarctic_krill
283,Antarctica
284,Antarctosaurus
285,Anteater
286,Antelope
287,Anthony_van_Dyck
288,Anthropology
289,Antigua_and_Barbuda
290,Antimony
291,Antlion
292,Antoine_Lavoisier
293,Antonín_Dvořák
294,Anton_Alexander_von_Werner
295,Antonio_Vivaldi
296,Antwerp
297,Apaochi
298,Apatosaurus
299,Ape
300,Aphid
301,Apollo
302,Apollo_11
303,Apollo_8
304,Apostolic_Succession
305,Apple
306,Applied_mathematics
307,Apricot
308,Aquarium
309,Arab-Israeli_conflict
310,Arab_League
311,Arabic_language
312,Arable_land
313,"Aradia,_or_the_Gospel_of_the_Witches"
314,Aral_Sea
315,Arcadia_(play)
316,Archaeoastronomy
317,Archaeology
318,Archaeopteryx
319,Archbishop_of_Canterbury
320,Archimedes
321,Architecture
322,Architecture_of_Windows_NT
323,Architecture_of_the_California_missions
324,Arctic
325,Arctic_Circle
326,Arctic_Monkeys
327,Arctic_Ocean
328,Arctic_Tern
329,Arecaceae
330,Argan
331,Argentina
332,Argon
333,Argyle_diamond_mine
334,Ariel_Sharon
335,Aristarchus_(crater)
336,Aristotle
337,Arithmetic
338,Armadillo
339,"Armand_Jean_du_Plessis,_Cardinal_Richelieu"
340,Armenia
341,Armia_Krajowa
342,Arnold_Schwarzenegger
343,Arp2_3_complex
344,Ars_moriendi
345,Arsenal_F.C.
346,Arsenic
347,Art
348,Arthropod
349,Arthur_Ernest_Percival
350,Arthur_Sullivan
351,Arthur_Upfield
352,"Arthur_Wellesley,_1st_Duke_of_Wellington"
353,Arts_and_crafts
354,Aruba
355,Arugula
356,Ascariasis
357,Asia
358,Asp_(reptile)
359,Asparagus
360,Asperger_syndrome
361,Assyria
362,Astatine
363,Asteroid
364,Asthma
365,Astrology
366,Astronomy
367,Astrophysics_Data_System
368,Asunción
369,Ateneo_de_Manila_University
370,Athanasius_Kircher
371,Atheism
372,Athena
373,Athens
374,Athletics_(track_and_field)
375,"Atlanta,_Georgia"
376,Atlantic_Coast_Line_Railroad
377,Atlantic_Ocean
378,Atlantic_herring
379,Atlantic_slave_trade
380,Atlantis
381,Atom
382,Atonality
383,Attack_on_Pearl_Harbor
384,Attalus_I
385,Attention-deficit_hyperactivity_disorder
386,Attila_the_Hun
387,Auckland
388,"Augusta,_Lady_Gregory"
389,Augustan_literature
390,Auguste_Rodin
391,Augustine_of_Hippo
392,Augustus
393,Australia
394,Australian_English
395,Australian_Green_Tree_Frog
396,Australian_Open
397,Australian_Ringneck
398,Australian_constitutional_law
399,Australian_rules_football
400,Austria
401,Autism
402,Auto_racing
403,Autobianchi_Primula
404,Autocracy
405,Automated_teller_machine
406,Automatic_number_plate_recognition
407,Automobile
408,Autorack
409,Autostereogram
410,Autumn
411,Avacha_Volcano
412,Avalanche
413,Avatar__The_Last_Airbender
414,Avocado
415,Avon_Gorge
416,Avro_Lancaster
417,Axe
418,Ayaan_Hirsi_Ali
419,Aye-aye
420,"Aymer_de_Valence,_2nd_Earl_of_Pembroke"
421,Azerbaijan
422,Azerbaijani_people
423,Aztec
424,BAE_Systems
425,BASIC
426,BBC
427,BBC_television_drama
428,BP
429,BT_Tower
430,B_vitamins
431,Babe_Ruth
432,Baboon
433,Babur
434,Baby_Gender_Mentor
435,Babylonia
436,Backgammon
437,Bacteria
438,Baden-Powell_House
439,Badger
440,Badminton
441,Badugi
442,Baghdad
443,Bahá'í_Faith
444,Bahamas
445,Bahrain
446,Baker_Island
447,Bald_Eagle
448,Baltic_Sea
449,"Baltimore,_Maryland"
450,Bamako
451,Banana
452,Bandicoot
453,Bangalore
454,Bangkok
455,Bangladesh
456,Banjul
457,Bank_of_China_(Hong_Kong)
458,Banknote
459,Banksy
460,Bantu
461,Barack_Obama
462,Barbados
463,Barbara_McClintock
464,Barbary_Lion
465,Barbary_Macaque
466,Barcelona
467,Barium
468,Barley
469,Barn_Owl
470,Barnacle
471,Baroque
472,Barracuda
473,Baruch_Spinoza
474,Baseball
475,Basel
476,Basil
477,Basil_Brush
478,Basilica_of_San_Francesco_d'Assisi
479,Basilica_of_Santa_Maria_degli_Angeli
480,Basketball
481,Basking_shark
482,Bass_(fish)
483,Basset_Hound
484,Bassoon
485,Bat
486,Bat-eared_Fox
487,"Bath,_Somerset"
488,Bath_School_disaster
489,Batholith
490,Batman
491,Battle_of_Alesia
492,Battle_of_Amiens
493,Battle_of_Austerlitz
494,Battle_of_Badr
495,Battle_of_Bicocca
496,Battle_of_Britain
497,Battle_of_Cannae
498,Battle_of_France
499,Battle_of_Gettysburg
500,Battle_of_Grunwald
501,Battle_of_Hastings
502,Battle_of_Jutland
503,Battle_of_Lechaeum
504,Battle_of_Leyte_Gulf
505,Battle_of_Marathon
506,Battle_of_Midway
507,Battle_of_Moscow
508,Battle_of_Normandy
509,Battle_of_Rennell_Island
510,Battle_of_Sitka
511,Battle_of_Smolensk_(1943)
512,Battle_of_Stalingrad
513,Battle_of_Tours
514,Battle_of_Vaslui
515,Battle_of_Warsaw_(1920)
516,Battle_of_the_Bulge
517,Battle_of_the_Eastern_Solomons
518,Battle_of_the_Little_Bighorn
519,Battle_of_the_Santa_Cruz_Islands
520,Battle_of_the_Somme_(1916)
521,Battles_of_the_Mexican-American_War
522,Bay_Area_Rapid_Transit
523,Bay_of_Bengal
524,Beach
525,Bean
526,Bear
527,Beatles_for_Sale
528,Beaver
529,Bedbug
530,Bede
531,Bee
532,Beeching_Axe
533,Beekeeping
534,Beep_(SWBLW)
535,Beer
536,Beet
537,Beetle
538,Behavioral_finance
539,Behistun_Inscription
540,Beijing
541,Beirut
542,Belarus
543,Belfast
544,Belgium
545,Belize
546,Belton_House
547,Ben-Hur_(1959_film)
548,Ben_Jonson
549,Ben_Nevis
550,Bench_language
551,Benin
552,Benito_Mussolini
553,Benjamin_Britten
554,"Benjamin_Disraeli,_1st_Earl_of_Beaconsfield"
555,Benjamin_Franklin
556,Benjamin_Harrison
557,Benjamin_Mountfort
558,Benjamin_of_Tudela
559,Benzene
560,Berber_languages
561,Beriberi
562,Berkelium
563,Berlin
564,Berlin_Wall
565,Bermuda
566,Bernard_Hinault
567,Bertrand_Russell
568,Beryllium
569,Betelgeuse_incident
570,Bette_Davis
571,Bhutan
572,Bible
573,Bicycle
574,Bicycle_Thieves
575,Big_Bang
576,Bill_Clinton
577,Bill_Gates
578,Billie_Holiday
579,Binary_star
580,Binoculars
581,Binomial_nomenclature
582,Biodiesel
583,Biodiversity
584,Biofuel
585,Bioinformatics
586,Biology
587,Bionicle__Mask_of_Light
588,Biosphere
589,Biotechnology
590,Bird
591,Bird_migration
592,Bird_of_prey
593,Birmingham
594,Birth_control
595,Bismuth
596,Bison
597,Bissau
598,Björn_Borg
599,Bjørnøya
600,Black-backed_Jackal
601,Black-footed_Cat
602,Black-winged_Stilt
603,Black_Death
604,Black_Rhinoceros
605,Black_Robin
606,Black_Sea
607,Black_Seminoles
608,Black_Wildebeest
609,Black_hole
610,Black_panther
611,Black_pepper
612,Black_widow_spider
613,Blackbird
614,Blackcap
615,Blackjack
616,Blackpool
617,Blacktip_reef_shark
618,Blade_Runner
619,Blaise_Pascal
620,Blitzkrieg
621,Blokus
622,Blood_type
623,Blue_Jay
624,Blue_Peter
625,Blue_Tit
626,Blue_Whale
627,Blue_Wildebeest
628,Blue_shark
629,Bluegrass_music
630,Bluetooth
631,Boa
632,Board_game
633,Boat
634,Bob_Dylan
635,Bob_Marley
636,Bobcat
637,Body_mass_index
638,Bodyline
639,Boeing_747
640,Bog
641,Bogotá
642,Bohemian_Rhapsody
643,Bohor_Reedbuck
644,Bohrium
645,Bolivia
646,Bologna
647,Boltysh_crater
648,Bongo_(antelope)
649,Bonobo
650,Bontebok
651,Booby
652,Book
653,Book_of_Common_Prayer
654,Book_of_Kells
655,Boolean_logic
656,Borage
657,Boris_Becker
658,Boron
659,Bosnia_and_Herzegovina
660,"Boston,_Massachusetts"
661,Boston_RFC
662,Boston_Terrier
663,Boston_and_Lowell_Railroad
664,Botany
665,Botswana
666,Bottlenose_Dolphin
667,Boudica
668,Boundary_Waters_Canoe_Area_Wilderness
669,Bourbonnais_train_accident
670,Bouvet_Island
671,Box_jellyfish
672,Boy_Scout
673,Boyle_Roche
674,Brabantian
675,Brabham
676,Brachiosaurus
677,Brahman
678,Brain
679,Bran
680,Brandon_Routh
681,Brasília
682,Brass_instrument
683,Bratislava
684,Brazil
685,Bread
686,Breaker_Morant
687,Bretton_Woods_system
688,Brian_Close
689,Bridge
690,Brighton
691,Brisbane
692,Bristol
693,British_East_India_Company
694,British_Empire
695,British_English
696,British_House_of_Commons
697,British_Indian_Ocean_Territory
698,British_Isles
699,British_Isles_(terminology)
700,British_Virgin_Islands
701,British_monarchy
702,Britney_Spears
703,Broadcasting
704,Bromine
705,Bronze_Age
706,Brothers_Grimm
707,Brown_trout
708,Bruce_Lee
709,Bruce_Springsteen
710,Brunei
711,Brush
712,Brussels
713,Brute_force_attack
714,Bryce_Canyon_National_Park
715,Btrieve
716,Bucharest
717,Buckingham_Palace
718,Buckminster_Fuller
719,Budapest
720,Buddha
721,Buddhism
722,Buddhist_art
723,Buenos_Aires
724,Buffy_the_Vampire_Slayer
725,Bulgaria
726,Bull_shark
727,Burkina_Faso
728,Burundi
729,Bushbuck
730,Bushpig
731,Business
732,Butter
733,Button
734,Byzantine_Empire
735,C++
736,Cædmon
737,Côte_d'Ivoire
738,C._S._Lewis
739,CF7
740,CPU_cache
741,CS_gas
742,Cactus
743,Cadmium
744,Caesar_cipher
745,Caesium
746,Caesium_fluoride
747,Cai_Lun
748,Cairo
749,Calcite
750,Calcium
751,Calcium_chloride
752,Calculus
753,Calgary
754,California
755,California_Southern_Railroad
756,Californium
757,Calligraphy
758,Caloris_Basin
759,Calvin_Coolidge
760,Calvin_and_Hobbes
761,Camarasaurus
762,Cambodia
763,Cambrian
764,Cambrian_explosion
765,Cambridge
766,Camel
767,Cameroon
768,Canada
769,Canada_Goose
770,Canadian_Charter_of_Rights_and_Freedoms
771,Canadian_English
772,Canadian_House_of_Commons
773,Canadian_Pacific_Railway
774,Canadian_Senate
775,Canadian_football
776,Canal
777,Canaletto
778,Canberra
779,Cancer
780,Cane_Toad
781,Canola
782,Canterbury
783,Canterbury_Cathedral
784,Canute_the_Great
785,Capacitance
786,Cape_Canaveral
787,Cape_Horn
788,Cape_Lion
789,Cape_Porcupine
790,Cape_Town
791,Cape_Verde
792,Capital
793,Capitalism
794,Capitoline_Triad
795,Captain_Marvel_(DC_Comics)
796,Caracas
797,Caratacus
798,Caravaggio
799,Carbon
800,Carbon_dioxide
801,Carboniferous
802,Carcinus_maenas
803,Card_game
804,Cardiff
805,Caribbean_Sea
806,Carl_Friedrich_Gauss
807,Carl_G._Fisher
808,Carl_Jung
809,Carl_Lewis
810,Carl_Sagan
811,Carlsbad_Caverns_National_Park
812,Carnivore
813,Caroline_Island
814,"Carolingian_Gospel_Book_(British_Library,_MS_Add._11848)"
815,Carolus_Linnaeus
816,Carrot
817,Casablanca_(film)
818,Casimir_effect
819,Caspian_Sea
820,Cassini-Huygens
821,Cassowary
822,Castra
823,Cat
824,Cat's_Eye_Nebula
825,Cat_Stevens
826,Cataract
827,Cataract_surgery
828,Cathedral_of_Magdeburg
829,Catherine_Cranston
830,Catherine_II_of_Russia
831,Catholic_social_teaching
832,Cattle
833,Cave
834,Cayman_Islands
835,Celeriac
836,Celery
837,Celine_Dion
838,Cell_(biology)
839,Cello
840,Celtic_F.C.
841,Celtic_Park
842,Celtic_mythology
843,Central_African_Republic
844,Central_processing_unit
845,Ceratopsidae
846,Cereal
847,Cerebellum
848,Ceres_(dwarf_planet)
849,Cerium
850,Chad
851,Chadian-Sudanese_conflict
852,Chaffinch
853,Channel_Islands
854,Charlemagne
855,Charles_Babbage
856,Charles_Darwin
857,Charles_Dickens
858,Charles_Etienne_Brasseur_de_Bourbourg
859,Charles_II_of_England
860,Charles_I_of_England
861,Charles_Sumner
862,"Charles_V,_Holy_Roman_Emperor"
863,Charlie_Chaplin
864,Charlotte's_Web
865,Chartism
866,Che_Guevara
867,Cheers
868,Cheese
869,Cheetah
870,Chelsea_F.C.
871,Chemical_element
872,Chemical_synapse
873,Chemistry
874,Chennai
875,Chepstow_Bridge
876,Chernobyl_disaster
877,Chess
878,Chester_A._Arthur
879,Chestnut
880,Chew_Magna
881,Chew_Stoke
882,Chew_Valley
883,Chew_Valley_Lake
884,Chicago
885,Chicago_Bears
886,Chicago_and_North_Western_Railway
887,Chicken
888,Child
889,Children's_Crusade
890,Children's_rights_movement
891,Chile
892,Chiltern_Hills
893,Chimpanzee
894,China
895,Chinese_Rites_controversy
896,Chinese_language
897,Chinyingi
898,Chives
899,Chlorine
900,Chocolate
901,Chola_dynasty
902,Cholera
903,Chordate
904,Chris_Evert
905,Christian_Bale
906,Christian_monasticism
907,Christianity
908,Christina_Aguilera
909,Christmas_Island
910,Christopher_Columbus
911,Christopher_Wren
912,Chromatic_aberration
913,Chromatophore
914,Chromium
915,Church_of_England
916,Church_of_Ireland
917,Cicely
918,Cider
919,Cinema_of_the_United_States
920,Citizen_Kane
921,Citizenship
922,Citrus
923,City
924,City_status_in_the_United_Kingdom
925,Civil_War_token
926,Civil_rights
927,Civil_society
928,Civilization
929,Civilization_(computer_game)
930,Clarinet
931,Classic_female_blues
932,Claude_Lévi-Strauss
933,Claude_Monet
934,Claudius
935,Clay
936,Cleopatra_VII
937,Cleopatra_VII_of_Egypt
938,"Cleveland,_Ohio"
939,Clifton_Suspension_Bridge
940,Climate
941,Climate_change
942,Clock
943,Clone_Wars_(Star_Wars)
944,Clothing
945,Cloud
946,Coal
947,Coal_Tit
948,Cobalt
949,Coccinellidae
950,Cochineal
951,Cockatiel
952,Cocoa
953,Coconut
954,Coconut_crab
955,Coconut_oil
956,Cocos_(Keeling)_Islands
957,Cod
958,Code_of_Hammurabi
959,Coffee
960,Coin
961,Cold_War
962,Colditz_Castle
963,Colima_(volcano)
964,Collapse_of_the_World_Trade_Center
965,Colley_Cibber
966,Cologne
967,Colombia
968,Colombo
969,Color
970,Color_Graphics_Adapter
971,Color_blindness
972,Colorado_River
973,Colossus_of_Rhodes
974,Columba
975,Columbia_River
976,Columbine_High_School_massacre
977,"Columbus,_Ohio"
978,Comet
979,Comet_Hale-Bopp
980,Comet_Halley
981,Comet_Hyakutake
982,Comet_Shoemaker-Levy_9
983,Comet_White-Ortiz-Bolelli
984,Comics
985,Comma_Johanneum
986,Commodore_64
987,Common_Basilisk
988,Common_Cuckoo
989,Common_Eider
990,Common_Eland
991,Common_Hazel
992,Common_Pheasant
993,Common_Tern
994,Common_agouti
995,Common_cold
996,Common_sage
997,Commonwealth_Games
998,Communication
999,Communism
1000,Community
1001,Comoros
1002,Compact_Disc
1003,Company_(law)
1004,Compsognathus
1005,Computational_chemistry
1006,Computer
1007,Computer_and_video_games
1008,Computer_programming
1009,Computer_science
1010,Conakry
1011,Concorde
1012,Condoleezza_Rice
1013,Conflict
1014,Confucianism
1015,Confucius
1016,Congo_River
1017,Consolation_of_Philosophy
1018,Constantine_I
1019,Constantine_II_of_Scotland
1020,"Constitution_of_May_3,_1791"
1021,Constitutional_monarchy
1022,Constructivism_(art)
1023,Consumer_protection
1024,Contact_lens
1025,Continent
1026,Continental_crust
1027,Control_car_(rail)
1028,Convention_on_the_International_Trade_in_Endangered_Species_of_Wild_Flora_and_Fauna
1029,Convention_on_the_Rights_of_the_Child
1030,Cook_Islands
1031,Cookiecutter_shark
1032,Cooperative
1033,Coot
1034,Copenhagen
1035,Copenhagen_Fire_of_1728
1036,Copper
1037,Copper(I)_chloride
1038,Coriander
1039,Corinthian_War
1040,Cormorant
1041,Corn_oil
1042,Cornea
1043,Cornell_University
1044,Coronation_Street
1045,Corporate_finance
1046,Corporation
1047,Corrosion
1048,Corundum
1049,Cosmic_inflation
1050,Cosmic_microwave_background_radiation
1051,Costa_Rica
1052,Costume_design
1053,Cotopaxi
1054,Cotswolds
1055,Cotton
1056,Coulomb's_law
1057,Country
1058,Coupling_(railway)
1059,Coventry
1060,Crab_Nebula
1061,Crash_test_dummy
1062,Craters_of_the_Moon_National_Monument_and_Preserve
1063,Craton
1064,Creation-evolution_controversy
1065,Creationism
1066,Creative_Commons
1067,Cretaceous
1068,Cretaceous-Tertiary_extinction_event
1069,Cricket
1070,Crime
1071,Crime_and_Punishment
1072,Crime_in_Mexico
1073,Crimean_Karaites
1074,Crimean_War
1075,Crimson-collared_Tanager
1076,Cristero_War
1077,Criticism_of_the_War_on_Terrorism
1078,Croatia
1079,Crocodile
1080,Crohn's_disease
1081,Cross_Fell
1082,Crossbill
1083,Crow
1084,Crown_Jewels_of_the_United_Kingdom
1085,Crusades
1086,Crust_(geology)
1087,Crustacean
1088,Cryptography
1089,Crystal
1090,Crystallographic_defects_in_diamond
1091,Cuba
1092,Cubeb
1093,Cubism
1094,Cuckmere_Haven
1095,Cultivar
1096,Cultural_diversity
1097,Cultural_identity
1098,Culture
1099,Culture_of_the_Democratic_Republic_of_the_Congo
1100,Curium
1101,Currency
1102,Cyanocobalamin
1103,Cyberpunk
1104,Cyclamen
1105,Cyclone_Percy
1106,Cyclone_Rosita
1107,Cyclops
1108,Cymbopogon
1109,Cyprus
1110,Cyril_Clarke
1111,Cyrus_K._Holliday
1112,Cyrus_the_Great
1113,Cystic_fibrosis
1114,Czech_Republic
1115,Dál_Riata
1116,Düsseldorf
1117,DNA
1118,DNA_repair
1119,DVD
1120,Dad's_Army
1121,Dada
1122,Dakar
1123,"Dakota,_Minnesota_and_Eastern_Railroad"
1124,Daley_Thompson
1125,"Dallas,_Texas"
1126,Dam
1127,Damascus
1128,Damascus_steel
1129,Damon_Hill
1130,Dance
1131,Dandelion
1132,Daniel_Day-Lewis
1133,Daniel_Ellsberg
1134,Danny_Deever
1135,Danske_Statsbaner
1136,Dante_Alighieri
1137,Danube
1138,Darfur_conflict
1139,Dark_Ages
1140,Darling_River
1141,Darmstadtium
1142,Darth_Vader
1143,Dartmoor
1144,Das_Kapital
1145,Data_Encryption_Standard
1146,David_Attenborough
1147,David_Beckham
1148,David_Blanchflower
1149,David_Cameron
1150,David_Copperfield_(novel)
1151,David_Helvarg
1152,David_Heymann
1153,David_Hilbert
1154,David_Hume
1155,David_III_of_Tao
1156,David_Livingstone
1157,Davis_Cup
1158,Davy_Jones'_Locker
1159,Day
1160,Dayuan
1161,Dead_Sea
1162,Dead_Sea_scrolls
1163,Death_Valley_National_Park
1164,Decade_Volcanoes
1165,Deconstructivism
1166,Defaka
1167,Defense_of_Sihang_Warehouse
1168,Definition_of_planet
1169,Deinonychus
1170,Deity
1171,Delhi
1172,Deluge_(mythology)
1173,Demand_Note
1174,Democracy
1175,Democratic_Action_Party
1176,Democratic_Republic_of_the_Congo
1177,Demosthenes
1178,Denis_Law
1179,Denmark
1180,Dennis_Ritchie
1181,"Denver,_Colorado"
1182,Derby
1183,Desert
1184,Desert_locust
1185,Desmond_Tutu
1186,Despotism
1187,"Detroit,_Michigan"
1188,Devonian
1189,Dewey_Square
1190,Diabetes_mellitus
1191,Diamond
1192,Diamond_cut
1193,Diamond_simulant
1194,Diane_Keaton
1195,Dice
1196,Dido_and_Aeneas
1197,Diego_Garcia
1198,Diego_Maradona
1199,Diego_Velázquez
1200,Differential_equation
1201,Differential_geometry_and_topology
1202,Diffuse_interstellar_band
1203,Dik-dik
1204,Dill
1205,Dilophosaurus
1206,Dimetrodon
1207,Dingo
1208,Dinosaur
1209,Diplodocus
1210,Directdebit
1211,Directive_Principles_in_India
1212,Disneyland_Railroad
1213,Distilled_beverage
1214,Dixie_Mission
1215,Djibouti
1216,Dmitri_Mendeleev
1217,Doctor_Who
1218,Dodo
1219,Dog
1220,Doha
1221,Dolphin
1222,Domesday_Book
1223,Domestic_AC_power_plugs_and_sockets
1224,Domestic_goat
1225,Domesticated_turkey
1226,Dominica
1227,Dominican_Republic
1228,Donald_Bradman
1229,Donald_Duck
1230,Donald_Knuth
1231,Donation
1232,Doom
1233,Dorset
1234,Double-decker_bus
1235,Double_bass
1236,Douglas_Adams
1237,Douglas_DC-4
1238,Dove
1239,Dover
1240,Down_syndrome
1241,Dr._Seuss
1242,Drama
1243,Draughts
1244,Drawing
1245,Dresden
1246,Drinking_water
1247,Driving_on_the_left_or_right
1248,Drosera_anglica
1249,Drosophila_melanogaster
1250,Drought
1251,Drum_and_bass
1252,Du_Fu
1253,Dualism_(philosophy_of_mind)
1254,Dubai
1255,Dublin
1256,Dubnium
1257,Duchenne_muscular_dystrophy
1258,Dundee
1259,Dundee_United_F.C.
1260,Dune
1261,Dunnock
1262,Dunstable_Downs
1263,Duran_Duran
1264,Durham
1265,Durham_Cathedral
1266,Durian
1267,Dutch_language
1268,Dwight_D._Eisenhower
1269,Dysprosium
1270,E.T._the_Extra-Terrestrial_(Atari_2600)
1271,E._E._Cummings
1272,E._P._Wigner
1273,ECHELON
1274,EMD_BL2
1275,EMD_F7
1276,EMD_GP30
1277,Eagle
1278,Eagle_Scout_(Boy_Scouts_of_America)
1279,Earl_of_Shaftesbury
1280,Earless_seal
1281,Earth
1282,Earth's_atmosphere
1283,Earthquake
1284,Earwax
1285,East-West_Schism
1286,EastEnders
1287,East_Africa
1288,East_Flemish
1289,East_Timor
1290,Easter_Island
1291,Eastern_Orthodox_Church
1292,Eastern_Roman_Empire
1293,Ebony
1294,Ecology
1295,Economic_inequality
1296,Economics
1297,Economy_of_Africa
1298,Economy_of_India
1299,Economy_of_Pakistan
1300,Economy_of_Scotland
1301,Economy_of_the_Iroquois
1302,Economy_of_the_Republic_of_Ireland
1303,Ecuador
1304,Edema
1305,Edgar_Allan_Poe
1306,Edible_salt
1307,Edinburgh
1308,Edmond_Halley
1309,Edmonton
1310,Edmund_Burke
1311,Edmund_Hillary
1312,Education
1313,Education_in_the_United_States
1314,Educational_psychology
1315,Edward_Gibbon
1316,Edward_III_of_England
1317,Edward_II_of_England
1318,Edward_IV_of_England
1319,Edward_I_of_England
1320,Edward_Jenner
1321,Edward_Teller
1322,Edward_VIII_of_the_United_Kingdom
1323,Edward_VII_of_the_United_Kingdom
1324,Edward_VI_of_England
1325,Edward_V_of_England
1326,Edward_the_Confessor
1327,Edwin_of_Northumbria
1328,Effect_of_Hurricane_Katrina_on_New_Orleans
1329,Effects_of_global_warming
1330,Effects_of_nuclear_explosions
1331,Egg_(food)
1332,Egypt
1333,Egyptian_pyramids
1334,Eifel_Aqueduct
1335,Eilmer_of_Malmesbury
1336,Einsteinium
1337,El_Aaiún
1338,"El_Hatillo_Municipality,_Miranda"
1339,El_Lissitzky
1340,El_Niño-Southern_Oscillation
1341,El_Salvador
1342,Elagabalus
1343,Eldfell
1344,Election
1345,Electric_charge
1346,Electric_field
1347,Electrical_engineering
1348,Electrical_resistance
1349,Electricity
1350,Electromagnetic_radiation
1351,Electron
1352,Electron_beam_welding
1353,Electronic_amplifier
1354,Electronics
1355,Elementary_algebra
1356,Elementary_arithmetic
1357,Elementary_group_theory
1358,Eleocharis_dulcis
1359,Elephant
1360,Elephant_bird
1361,Elephant_shrew
1362,Elfin-woods_Warbler
1363,Elias_Ashmole
1364,Eliminative_materialism
1365,Elizabeth_Fry
1366,Elizabeth_II_of_the_United_Kingdom
1367,Elizabeth_I_of_England
1368,Elizabethan_Poor_Law_(1601)
1369,Elvis_Presley
1370,Emacs
1371,Emanuel_Swedenborg
1372,Emirate
1373,Emma_Roberts
1374,Emotion
1375,Emperor_Penguin
1376,Empires__Dawn_of_the_Modern_World
1377,Empiricism
1378,Employment
1379,Emu
1380,Enceladus_(moon)
1381,Encyclopædia_Britannica
1382,Endoscopic_foreign_body_retrieval
1383,Energy
1384,Engineering
1385,England
1386,England_expects_that_every_man_will_do_his_duty
1387,English_Channel
1388,English_Reformation
1389,English_language
1390,English_monarchs_family_tree
1391,English_peasants'_revolt_of_1381
1392,English_poetry
1393,Enigma_machine
1394,Entropy
1395,Environmental_science
1396,Enzyme_kinetics
1397,Eocene
1398,Epaminondas
1399,Epazote
1400,Epic_of_Gilgamesh
1401,Episcopal_polity
1402,Equal_Protection_Clause
1403,Equatorial_Guinea
1404,Erbium
1405,Eric_Clapton
1406,Erie_Canal
1407,Eris_(dwarf_planet)
1408,Eritrea
1409,Ernest_Hemingway
1410,Ernest_Rutherford
1411,Eruption_column
1412,Erwin_Rommel
1413,Eskimo
1414,Esox
1415,Esperanto
1416,Essential_oil
1417,Estonia
1418,Ethanol
1419,Ethics
1420,Ethiopia
1421,Ethiopian_Wolf
1422,Ethnic_group
1423,Euclid
1424,Euclidean_geometry
1425,Eukaryote
1426,Euphrates
1427,Eurasian_Bullfinch
1428,Eurasian_Collared_Dove
1429,Eurasian_Eagle_Owl
1430,Eurasian_Jay
1431,Eurasian_Oystercatcher
1432,Euro
1433,Europe
1434,European_Goldfinch
1435,European_Greenfinch
1436,European_Kingfisher
1437,European_Parliament
1438,European_Space_Agency
1439,European_Union
1440,Europium
1441,Eurovision_Song_Contest
1442,Euston_Manifesto
1443,Eustreptospondylus
1444,Eva_Perón
1445,Evan_Rachel_Wood
1446,Evanton
1447,Evolution
1448,Evolutionarily_stable_strategy
1449,Existentialism
1450,Exploration_of_Mars
1451,Explorer_I
1452,Expressionism
1453,Extinct_birds
1454,Extinction
1455,Extrasolar_planet
1456,Extraterrestrial_life
1457,Eye
1458,Eye_(cyclone)
1459,Eyelid
1460,Ezra_Pound
1461,F-35_Lightning_II
1462,F-4_Phantom_II
1463,FIFA
1464,FIFA_World_Cup
1465,FM_Consolidated_line
1466,FairTax
1467,Fair_Isle
1468,Falcon
1469,Falkirk_Wheel
1470,Falkland_Islands
1471,Family
1472,Famine
1473,Fanny_Blankers-Koen
1474,Faroe_Islands
1475,Fascism
1476,Fashion
1477,Fatty_acid
1478,Fauna_of_Australia
1479,Feather
1480,Fed_Cup
1481,Federal_Bureau_of_Investigation
1482,Federated_States_of_Micronesia
1483,Fedora_Core
1484,Feldspar
1485,Felice_Beato
1486,Felix_Mendelssohn
1487,Felix_the_Cat
1488,Fencing
1489,Fennel
1490,Ferdinand_Magellan
1491,Ferdinandea
1492,Fermi_paradox
1493,Fermium
1494,Fern
1495,Fertile_Crescent
1496,Fertilizer
1497,Fetal_alcohol_spectrum_disorder
1498,Ffestiniog_Railway
1499,Fiberglass
1500,Fiction
1501,Fidel_Castro
1502,Fieldfare
1503,Fiji
1504,Film
1505,Final_Fantasy_(video_game)
1506,Final_Fantasy_Adventure
1507,Finance
1508,Financial_statements
1509,Fine_art
1510,Finland
1511,Fire
1512,Firearm
1513,Firecrest
1514,Firefly_(TV_series)
1515,First_Council_of_Nicaea
1516,First_Crusade
1517,First_Macedonian_War
1518,First_Transcontinental_Railroad
1519,Fish
1520,Fishing
1521,Flag_of_Australia
1522,Flag_of_Belarus
1523,Flag_of_Hong_Kong
1524,Flag_of_India
1525,Flag_of_Mexico
1526,Flag_of_South_Africa
1527,Flag_of_the_Republic_of_China
1528,Flamingo
1529,Flanders
1530,Flat_Earth
1531,Flemish_(linguistics)
1532,Flemish_dialects
1533,Flemish_people
1534,Flood
1535,Floppy_disk
1536,Florence_Nightingale
1537,Florida
1538,Florida_East_Coast_Railway
1539,Floris_and_Blancheflour
1540,Flower
1541,Floyd_Mayweather_Jr.
1542,Fluorine
1543,Flute
1544,Foie_gras
1545,Folic_acid
1546,Folk_music
1547,Folklore
1548,Food
1549,Football
1550,Football_(soccer)
1551,Force
1552,Forensic_facial_reconstruction
1553,Forest
1554,Formic_acid
1555,Formula_One
1556,Forrest_Gump
1557,Fort_de_Chartres
1558,Forth
1559,Forth_Bridge_(railway)
1560,Forth_Road_Bridge
1561,Fossil
1562,Fossil_fuel
1563,Fossil_record
1564,Fourteenth_Amendment_to_the_United_States_Constitution
1565,Fox
1566,Frédéric_Chopin
1567,Fractal
1568,France
1569,France_in_the_American_Revolutionary_War
1570,Frances_Oldham_Kelsey
1571,Francis_Bacon
1572,Francis_Crick
1573,Francis_Drake
1574,Francis_Petre
1575,Francis_of_Assisi
1576,Francisco_Goya
1577,Francium
1578,Frank_Lloyd_Wright
1579,Frankenstein
1580,Frankfurt
1581,Franklin_B._Gowen
1582,Franklin_D._Roosevelt
1583,Franklin_Pierce
1584,Franks
1585,Franz_Kafka
1586,Franz_Schubert
1587,Frederick_Douglass
1588,"Frederick_Hamilton-Temple-Blackwood,_1st_Marquess_of_Dufferin_and_Ava"
1589,"Frederick_II,_Holy_Roman_Emperor"
1590,Frederick_II_of_Prussia
1591,Freetown
1592,French_Guiana
1593,French_Open_(tennis)
1594,French_Polynesia
1595,French_Revolution
1596,French_Southern_and_Antarctic_Lands
1597,French_language
1598,Fresh_water
1599,Friedrich_Nietzsche
1600,Friend_Directdebit
1601,Frog
1602,Fruit
1603,Fugu
1604,Full_moon
1605,Funchal
1606,Functional_programming
1607,Fundamental_Rights_in_India
1608,Fundamental_theorem_of_arithmetic
1609,Fungus
1610,Fur_language
1611,Fusarium
1612,Fyodor_Dostoevsky
1613,GDRT
1614,GNOME
1615,GNU
1616,GNU_Linux_naming_controversy
1617,GNU_Project
1618,Gabon
1619,Gaborone
1620,Gadolinium
1621,Galápagos_Islands
1622,Galah
1623,Galaxy
1624,Galeras
1625,Galerina
1626,Galileo_Galilei
1627,Gallery_of_the_Kings_and_Queens_of_England
1628,Gallimimus
1629,Gallium
1630,Galveston_Hurricane_of_1900
1631,Game
1632,Game_theory
1633,Ganesha
1634,Ganges_River
1635,Ganges_shark
1636,Gangtok
1637,Garage_(dance_music)
1638,Garden
1639,Garden_Gnome_Liberation_Front
1640,Gardening
1641,Gas
1642,Gas_giant
1643,Gas_metal_arc_welding
1644,Gas_tungsten_arc_welding
1645,Gas_turbine-electric_locomotive
1646,Gaur
1647,Gauss's_law
1648,Gautama_Buddha
1649,Gaza_Strip
1650,Gazelle
1651,Gender
1652,Genealogy
1653,General_Pershing_Zephyr
1654,Genetic_code
1655,Genetics
1656,Geneva
1657,Genghis_Khan
1658,Genoa
1659,Gentoo_penguin
1660,Geography
1661,Geography_of_Africa
1662,Geography_of_India
1663,Geography_of_Ireland
1664,Geography_of_Texas
1665,Geology
1666,Geology_of_Dorset
1667,Geology_of_the_Grand_Canyon_area
1668,Geometry
1669,Georg_Cantor
1670,Georg_Forster
1671,Georg_von_Boeselager
1672,"George_Byron,_6th_Baron_Byron"
1673,George_Eliot
1674,George_Fox
1675,George_H._W._Bush
1676,George_Herbert
1677,George_III_of_the_United_Kingdom
1678,George_II_of_Great_Britain
1679,George_IV_of_the_United_Kingdom
1680,George_I_of_Great_Britain
1681,George_Thomas_Coker
1682,George_VI_of_the_United_Kingdom
1683,George_V_of_the_United_Kingdom
1684,George_W._Bush
1685,George_Washington
1686,"Georgetown,_Guyana"
1687,Georgia_(country)
1688,Gerald_Durrell
1689,Gerald_Ford
1690,"German_Crusade,_1096"
1691,German_language
1692,German_reunification
1693,Germanium
1694,Germany
1695,Gettysburg_Address
1696,Ghana
1697,Ghost_Dance
1698,Giant's_Causeway
1699,Giant_Eland
1700,Giant_Hogweed
1701,Giant_Panda
1702,Gibraltar
1703,Giganotosaurus
1704,Gilles_Villeneuve
1705,Giraffe
1706,Giuseppe_Verdi
1707,Giza_pyramid_complex
1708,Glacier
1709,Glacier_National_Park_(US)
1710,Glaciology
1711,Glasgow
1712,Glass
1713,Glasses
1714,Glastonbury_Festival
1715,GlaxoSmithKline
1716,Gliding
1717,Gliese_876
1718,Gliese_876_b
1719,Gliese_876_c
1720,Gliese_876_d
1721,Global
1722,Global_city
1723,Global_spread_of_H5N1
1724,Global_warming
1725,Globalization
1726,Globe_Theatre
1727,Globular_cluster
1728,Glorious_Revolution
1729,Glynn_Lunney
1730,Gmail
1731,Go_(board_game)
1732,Goa
1733,God
1734,Gold
1735,Gold(III)_chloride
1736,Gold_standard
1737,Goldcrest
1738,Golden_Eagle
1739,Golden_Gate_Highlands_National_Park
1740,Goldfish
1741,"Goleta,_California"
1742,Gone_with_the_Wind_(film)
1743,Google
1744,Goose
1745,Gordon_Brown
1746,Gordon_Griffith
1747,Gorilla
1748,Gossypium
1749,Gothenburg
1750,Gottfried_Leibniz
1751,Government
1752,Government_of_France
1753,Gowanus_Canal
1754,Grand_Canal_of_China
1755,Grand_Canyon
1756,Grand_Central_Station_(Chicago)
1757,Grand_Central_Terminal
1758,"Grand_Forks,_North_Dakota"
1759,Grand_Slam_(tennis)
1760,Grange_Hill
1761,Granite
1762,Graniteville_train_disaster
1763,Grape_seed_oil
1764,Graphic_novel
1765,Gravitation
1766,Gray_Wolf
1767,Gray_reef_shark
1768,Grease_(film)
1769,Great_Auk
1770,Great_Barrier_Reef
1771,Great_Black-backed_Gull
1772,Great_Britain
1773,Great_Bustard
1774,Great_Comet_of_1882
1775,Great_Cormorant
1776,Great_Crested_Grebe
1777,Great_Lakes
1778,Great_Lakes_Storm_of_1913
1779,Great_Moravia
1780,Great_Pyramid_of_Giza
1781,Great_Red_Spot
1782,Great_Rift_Valley
1783,Great_Salt_Lake
1784,Great_Spotted_Woodpecker
1785,Great_Tit
1786,Great_Wall_of_China
1787,Great_Yarmouth
1788,Great_comet
1789,Great_hammerhead
1790,Great_white_shark
1791,Greater_Cane_Rat
1792,Greco-Buddhism
1793,Greece
1794,Greek_War_of_Independence
1795,Greek_mythology
1796,Green_Woodpecker
1797,Greenhouse_effect
1798,Greenland
1799,Greg_LeMond
1800,Gregor_Mendel
1801,Gregorian_chant
1802,Gremlins
1803,Grenada
1804,Grevy's_Zebra
1805,Group_(mathematics)
1806,Grover_Cleveland
1807,Guadeloupe
1808,Guam
1809,Guangzhou
1810,Guatemala
1811,Guernsey
1812,Guglielmo_Marconi
1813,Guild
1814,Guinea
1815,Guinea-Bissau
1816,Guinness
1817,Guitar
1818,Gulf_of_Mexico
1819,Gull
1820,Gunpowder
1821,Guqin
1822,Gustav_Holst
1823,Gustavus_Franklin_Swift
1824,Guyana
1825,Gyeongju
1826,Gypsum
1827,Hänsel_und_Gretel
1828,H.D.
1829,H5N1
1830,HD_209458_b
1831,HD_217107
1832,HD_217107_b
1833,HD_217107_c
1834,HD_28185
1835,HD_28185_b
1836,HIV
1837,HIV_AIDS_in_Africa
1838,HMS_E18
1839,HSBC
1840,HTTP_cookie
1841,H_II_region
1842,Habsburg_Spain
1843,Hadrian's_Wall
1844,Haemophilia
1845,Hafnium
1846,Haiti
1847,Haji_Mohammad_Suharto
1848,Halfbeak
1849,Halloween
1850,Hamburg
1851,Hamilton-Burr_duel
1852,Hammurabi
1853,Hampshire
1854,Hampstead_Heath
1855,Hannibal_Barca
1856,Hanoi
1857,Harald_Maddadsson
1858,Haraldskær_Woman
1859,Harare
1860,Hardball_squash
1861,Harlem_Globetrotters
1862,Harley-Davidson
1863,Harold_Macmillan
1864,Harold_Wilson
1865,Harrier_Hawk
1866,Harry_Potter
1867,Harry_S._Truman
1868,Harvest
1869,Hasekura_Tsunenaga
1870,Hassium
1871,Hatshepsut
1872,Hawaiian_Goose
1873,Hawfinch
1874,Hawk
1875,Hawk-Eye
1876,Hawking_radiation
1877,Health
1878,Heard_Island_and_McDonald_Islands
1879,Heat
1880,Hebrew_calendar
1881,Hebrew_language
1882,Hebrides
1883,Heilbronn
1884,Helen
1885,Helen_Gandy
1886,Helicobacter_pylori
1887,Heliocentrism
1888,Helium
1889,Hellenistic_Greece
1890,Hello_Garci_scandal
1891,Helmeted_Guineafowl
1892,Helsinki
1893,Henipavirus
1894,Henri_Matisse
1895,Henrik_Ibsen
1896,Henry_David_Thoreau
1897,Henry_Fonda
1898,Henry_Ford
1899,Henry_H._Rogers
1900,Henry_III_of_England
1901,Henry_II_of_England
1902,Henry_IV_of_England
1903,Henry_I_of_England
1904,Henry_James
1905,Henry_Moore
1906,Henry_Morrison_Flagler
1907,Henry_Morton_Stanley
1908,Henry_Purcell
1909,Henry_Rollins
1910,Henry_VIII_of_England
1911,Henry_VII_of_England
1912,Henry_VI_of_England
1913,Henry_V_of_England
1914,Henry_Wood_(conductor)
1915,Hepatocellular_carcinoma
1916,Hepatorenal_syndrome
1917,Heracles
1918,Heraclius
1919,Heraldry
1920,Herbert_Hoover
1921,Herbig-Haro_object
1922,Herbivore
1923,Hermann_Maier
1924,Hernán_Cortés
1925,Hero_of_Ukraine
1926,Hero_of_the_Russian_Federation
1927,Herodotus
1928,Heron
1929,Herrerasaurus
1930,Herring_Gull
1931,Hey_Jude
1932,Hickman's_potentilla
1933,High_German_consonant_shift
1934,Hilda_of_Whitby
1935,Himalayas
1936,Himno_Nacional_Mexicano
1937,Hindi
1938,Hinduism
1939,Hip_hop_music
1940,Hippocrates
1941,Hippopotamus
1942,Hiroh_Kikai
1943,Hirohito
1944,History
1945,History_of_Alaska
1946,History_of_Anglo-Saxon_England
1947,History_of_Arizona
1948,History_of_Buddhism
1949,History_of_Burnside
1950,History_of_Cape_Colony_from_1806_to_1870
1951,History_of_Cape_Colony_from_1870_to_1899
1952,History_of_Central_Asia
1953,History_of_Earth
1954,History_of_Greece
1955,History_of_Greenland
1956,History_of_Limerick
1957,"History_of_Louisville,_Kentucky"
1958,"History_of_Miami,_Florida"
1959,History_of_New_Jersey
1960,History_of_Northwest_Territories_capital_cities
1961,History_of_Poland_(1945–1989)
1962,History_of_Portugal_(1777–1834)
1963,History_of_Puerto_Rico
1964,History_of_Russia
1965,History_of_Singapore
1966,History_of_Solidarity
1967,History_of_South_Africa
1968,History_of_South_Africa_in_the_apartheid_era
1969,History_of_South_Carolina
1970,History_of_Wikipedia
1971,History_of_computing_hardware
1972,History_of_democracy
1973,History_of_education
1974,History_of_merit_badges_(Boy_Scouts_of_America)
1975,History_of_nuclear_weapons
1976,History_of_painting
1977,History_of_post-Soviet_Russia
1978,History_of_saffron
1979,History_of_science
1980,History_of_slavery
1981,History_of_the_Australian_Capital_Territory
1982,History_of_the_Grand_Canyon_area
1983,History_of_the_Internet
1984,History_of_the_Netherlands
1985,History_of_the_Panama_Canal
1986,History_of_the_Portuguese_Communist_Party
1987,History_of_the_Royal_Australian_Navy
1988,History_of_the_West_Indian_cricket_team
1989,History_of_the_world
1990,Ho_Chi_Minh
1991,Ho_Chi_Minh_City
1992,Holkham_Hall
1993,Hollandic
1994,Holmium
1995,Holy_Roman_Empire
1996,Homer
1997,Homestar_Runner
1998,Homo_floresiensis
1999,Honduras
2000,Honey
2001,Honey_bee
2002,Hong_Kong
2003,Hoover_Dam
2004,Hopman_Cup
2005,"Horatio_Nelson,_1st_Viscount_Nelson"
2006,Horn_of_Africa
2007,Horse
2008,Hot_air_balloon
2009,House
2010,House_Martin
2011,House_Sparrow
2012,House_of_Lords
2013,Household_income_in_the_United_States
2014,"Houston,_Texas"
2015,Hovercraft
2016,Howards_End
2017,Howland_Island
2018,Hrafnkels_saga
2019,Hubbard_Glacier
2020,Hubble's_law
2021,Hubble_Deep_Field
2022,Hubble_Space_Telescope
2023,Hudson_Bay
2024,Hugo_Wolf
2025,Human
2026,Human_abdomen
2027,Human_dignity
2028,Human_rights
2029,Humanism
2030,Humanities
2031,Humbert_Roque_Versace
2032,Humour
2033,Humpback_Whale
2034,Humphry_Davy
2035,Humus
2036,Hundred_Years'_War
2037,Hungary
2038,Hunger
2039,Huntington's_disease
2040,Hurricane_Alex_(2004)
2041,Hurricane_Andrew
2042,Hurricane_Camille
2043,Hurricane_Charley
2044,Hurricane_Danny_(1997)
2045,Hurricane_David
2046,Hurricane_Dennis
2047,Hurricane_Edouard_(1996)
2048,Hurricane_Epsilon_(2005)
2049,Hurricane_Felix_(1995)
2050,Hurricane_Floyd
2051,Hurricane_Georges
2052,Hurricane_Gloria
2053,Hurricane_Ivan
2054,Hurricane_John_(1994)
2055,Hurricane_John_(2006)
2056,Hurricane_Katrina
2057,Hurricane_Lenny
2058,Hurricane_Marty_(2003)
2059,Hurricane_Mitch
2060,Hurricane_Philippe_(2005)
2061,Hurricane_Vince_(2005)
2062,Husein_Gradaščević
2063,Hutu
2064,"Hyde_Park,_London"
2065,Hydrochloric_acid
2066,Hydrogen
2067,Hydrogen_peroxide
2068,Hydrology
2069,Hyena
2070,Hymenoptera
2071,Hypsilophodon
2072,IG_Farben_Building
2073,IPod
2074,ITunes
2075,I_Ching
2076,I_Want_to_Hold_Your_Hand
2077,Ibn_Battuta
2078,Ice
2079,Ice_age
2080,Ice_hockey
2081,Ice_sheet
2082,Iceland
2083,Iceland_hotspot
2084,Ichthyosaur
2085,Idit_Harel_Caperton
2086,Idolatry
2087,Igneous_rock
2088,Igor_Stravinsky
2089,Iguanodon
2090,Ike_Altgens
2091,Imagism
2092,Immanuel_Kant
2093,Imperative_programming
2094,Imperial_Japanese_Navy
2095,Impressionism
2096,Inca_Empire
2097,Income_disparity
2098,India
2099,Indian_Institutes_of_Technology
2100,Indian_Ocean
2101,Indian_Peafowl
2102,Indian_Railways
2103,Indian_Standard_Time
2104,Indian_cricket_team
2105,Indian_independence_movement
2106,Indira_Gandhi
2107,Indium
2108,Indo-Greek_Kingdom
2109,Indonesia
2110,Indonesian_language
2111,Indricotherium
2112,Inductance
2113,Indus_River
2114,Indus_Valley_Civilization
2115,Industrial_Revolution
2116,Industry
2117,Information
2118,Infrastructure
2119,Inner_Hebrides
2120,Insect
2121,Insulin
2122,Integrated_circuit
2123,Intel_Corporation
2124,Intelligence
2125,InterBase
2126,International_Court_of_Justice
2127,International_English
2128,International_Red_Cross_and_Red_Crescent_Movement
2129,International_Space_Station
2130,International_human_rights_instruments
2131,International_law
2132,Internet
2133,Internet_Explorer
2134,Interpol
2135,Introduction_to_special_relativity
2136,Invasion
2137,Invasion_of_Grenada
2138,Invasive_species
2139,Invertebrate
2140,Investment_banking
2141,Iodine
2142,Iowa_class_battleship
2143,Ipswich
2144,Iran
2145,Iranian_peoples
2146,Iraq
2147,Iraq_War
2148,Iraq_and_weapons_of_mass_destruction
2149,Ireland
2150,Ireland_King_of_Arms
2151,Iridium
2152,Irish_Sea
2153,Irish_people
2154,Irish_poetry
2155,Irish_theatre
2156,Iron
2157,Iron(III)_chloride
2158,Iron_Age
2159,Iron_Maiden
2160,Iron_Mike
2161,Irrigation
2162,Isaac
2163,Isaac_Asimov
2164,Isaac_Brock
2165,Isaac_Newton
2166,Isambard_Kingdom_Brunel
2167,Isan
2168,Ishango_bone
2169,Isis
2170,Islam
2171,Islamic_republic
2172,Island_Fox
2173,Isle_of_Man
2174,Isle_of_Wight
2175,Isles_of_Scilly
2176,Isospin
2177,Israel
2178,Issyk_Kul
2179,Istanbul
2180,Italian_Renaissance
2181,Italian_War_of_1521
2182,Italo_disco
2183,Italy
2184,Ivan_IV_of_Russia
2185,Ivory
2186,Ivory-billed_Woodpecker
2187,Jórvík
2188,Józef_Piłsudski
2189,J._J._Thomson
2190,J._K._Rowling
2191,J._M._W._Turner
2192,J._R._R._Tolkien
2193,J._S._Fry_&_Sons
2194,Jack_Kerouac
2195,Jackal
2196,Jackanory
2197,Jackdaw
2198,Jackie_Robinson
2199,Jacob_Riis
2200,Jacobite_rising
2201,Jacques-Louis_David
2202,Jacques_Cartier
2203,Jakarta
2204,Jake_Gyllenhaal
2205,Jamaica
2206,James_Bond
2207,James_Buchanan
2208,James_Callaghan
2209,James_Clerk_Maxwell
2210,James_Cook
2211,James_D._Watson
2212,James_Garfield
2213,James_II_of_England
2214,James_I_of_England
2215,James_Joyce
2216,James_K._Polk
2217,James_Lovelock
2218,James_Monroe
2219,James_Stewart_(actor)
2220,"James_T._Aubrey,_Jr."
2221,James_Watt
2222,Jan_Mayen
2223,Jane_Austen
2224,Jane_Eyre
2225,Jane_Fonda
2226,Japan
2227,Japanese_grammar
2228,Japanese_war_crimes
2229,Japanese_yen
2230,Jarvis_Island
2231,Jaws_(film)
2232,Jazz
2233,Jean-Jacques_Rousseau
2234,Jean_Charles_de_Menezes
2235,Jehovah
2236,Jerry_Fodor
2237,Jersey
2238,Jersey_Zoological_Park
2239,Jerusalem
2240,Jesse_Owens
2241,Jesus
2242,Jet_Set_Willy
2243,Jet_engine
2244,Jew
2245,Jewellery
2246,Jiaogulan
2247,Jimmy_Carter
2248,Jimmy_Wales
2249,Joan_of_Arc
2250,Jocelin
2251,Joel_Brand
2252,Johann_Pachelbel
2253,Johann_Sebastian_Bach
2254,Johann_Wolfgang_Goethe
2255,Johannes_Gutenberg
2256,Johannes_Kepler
2257,Johannes_Ockeghem
2258,Johannesburg
2259,John_A.T._Robinson
2260,John_Adams
2261,John_Bull_(locomotive)
2262,John_Cabot
2263,John_Calvin
2264,John_Constable
2265,John_Dee
2266,John_F._Kennedy
2267,John_F._Kennedy_assassination
2268,John_Flamsteed
2269,John_Henninger_Reagan
2270,John_Howard
2271,John_Locke
2272,John_Logie_Baird
2273,John_Marshall
2274,John_Maynard_Keynes
2275,John_McEnroe
2276,John_Millington_Synge
2277,John_Milton
2278,John_Pershing
2279,"John_Seigenthaler,_Sr."
2280,John_Sentamu
2281,John_Tyler
2282,John_Vanbrugh
2283,John_W._Campbell
2284,John_W._Johnston
2285,John_of_England
2286,John_von_Neumann
2287,Johnny_Appleseed
2288,Johnston_Atoll
2289,Jomsvikings
2290,Jonah_Lomu
2291,Jonathan_Wild
2292,Jordan
2293,Jordan_River
2294,Jordanhill_railway_station
2295,Jorge_Luis_Borges
2296,Joseph_Haydn
2297,Joseph_Stalin
2298,Joseph_and_the_Amazing_Technicolor_Dreamcoat
2299,Josephus
2300,Juan_Sebastián_Elcano
2301,Judaism
2302,Juice
2303,Julius_Caesar
2304,Julius_and_Ethel_Rosenberg
2305,July_2006_Java_earthquake
2306,Jump_rope
2307,Juniper_berry
2308,Jupiter
2309,Jupiter_(mythology)
2310,Jurassic
2311,Juvenile_delinquency
2312,Jyllands-Posten_Muhammad_cartoons_controversy
2313,Kīlauea
2314,Kaffir_lime
2315,Kakapo
2316,Kakariki
2317,Kangaroo
2318,"Kansas_City,_Missouri"
2319,Karachi
2320,Kargil_War
2321,Karikkoselkä
2322,Karl_Benz
2323,Karl_Marx
2324,Karl_Popper
2325,Kashmir_region
2326,Katana
2327,Katyn_massacre
2328,Kazakhstan
2329,Keira_Knightley
2330,Kenya
2331,Kerala
2332,Kestrel
2333,Keurusselkä
2334,Kevin_Spacey
2335,Khan_Wali_Khan
2336,Khartoum
2337,Khazars
2338,Khudai_Khidmatgar
2339,Kidnapped_(novel)
2340,Kiev
2341,Kigali
2342,Kigo
2343,King_Arthur
2344,King_Kong_(1933_film)
2345,King_Kong_(2005_film)
2346,Kingman_Reef
2347,Kipchaks_in_Georgia
2348,Kiribati
2349,Kite_(bird)
2350,Kitsch
2351,Klinefelter's_syndrome
2352,Knights_of_Columbus
2353,Kochi_(India)
2354,Kofi_Annan
2355,Kohlberg's_stages_of_moral_development
2356,Kolkata
2357,Konrad_Lorenz
2358,Kookaburra
2359,Korea
2360,Koryaksky
2361,Kosovo
2362,Krag-Jørgensen
2363,Krakatoa
2364,Krazy_Kat
2365,Krill
2366,Krypton
2367,Ku_Klux_Klan
2368,Kuala_Lumpur
2369,Kubla_Khan
2370,Kuiper_belt
2371,Kurt_Cobain
2372,Kuru_(disease)
2373,Kuwait
2374,Kuwait_City
2375,Kylie_Minogue
2376,Kyoto_Protocol
2377,Kyrgyzstan
2378,L._S._Lowry
2379,LANSA_Cuzco_Crash
2380,La_Grande_Armée
2381,La_Paz
2382,Labor_Day_Hurricane_of_1935
2383,Ladysmith_Black_Mambazo
2384,Lagos
2385,Laika
2386,Lake_Albert
2387,Lake_Baikal
2388,Lake_Burley_Griffin
2389,Lake_Chad
2390,Lake_District
2391,Lake_Edward
2392,Lake_Kariba
2393,Lake_Kivu
2394,Lake_Malawi
2395,Lake_Mead
2396,Lake_Powell
2397,Lake_Superior
2398,Lake_Tahoe
2399,Lake_Tanganyika
2400,Lake_Titicaca
2401,Lake_Toba
2402,Lake_Turkana
2403,Lake_Victoria
2404,Lake_Vostok
2405,Lance_Armstrong
2406,Lancia_Flaminia
2407,Land_(economics)
2408,Landform
2409,Landscape
2410,Language
2411,Lanthanum
2412,Laos
2413,Laozi
2414,Las_Palmas_de_Gran_Canaria
2415,"Las_Vegas,_Nevada"
2416,Last_Supper
2417,Latin
2418,Latin_America
2419,Latin_alphabet
2420,Latvia
2421,Laurence_Olivier
2422,Laurent_Fignon
2423,Lavender
2424,Law
2425,Lawn
2426,Lawrencium
2427,Laws_in_Wales_Acts_1535–1542
2428,Layla
2429,Lead
2430,Lead(II)_nitrate
2431,League_of_Nations
2432,Leaning_Tower_of_Pisa
2433,Lebanon
2434,Leeds
2435,Lego
2436,Leicester
2437,Leif_Ericson
2438,Leisure
2439,Lemon
2440,Lemon_balm
2441,Lemon_myrtle
2442,Lens_(anatomy)
2443,Leo_(constellation)
2444,Leo_Tolstoy
2445,Leon_Trotsky
2446,Leonardo_da_Vinci
2447,Leonhard_Euler
2448,Lerwick
2449,Lesotho
2450,Lesothosaurus
2451,Lettuce
2452,"Levee_failures_in_Greater_New_Orleans,_2005"
2453,Lhasa
2454,Liberal_Democrats
2455,Liberal_democracy
2456,Liberalism
2457,Liberia
2458,Libertarianism
2459,Library
2460,Library_of_Alexandria
2461,Library_of_Congress
2462,Libreville
2463,Libya
2464,Liechtenstein
2465,Life
2466,Light
2467,Lighthouse_of_Alexandria
2468,Lighting_designer
2469,Lightning_rod
2470,Lille
2471,Lilongwe
2472,Lima
2473,Limerick
2474,Lincoln_(automobile)
2475,Lincoln_Town_Car
2476,Lindisfarne_Gospels
2477,Linear_algebra
2478,Linguistics
2479,Link_(The_Legend_of_Zelda)
2480,Linnet
2481,Linus_Pauling
2482,Linus_Torvalds
2483,Linux
2484,Lion
2485,Lipid
2486,Liquid_crystal
2487,Lisbon
2488,List_of_African_countries
2489,List_of_Archbishops_of_Canterbury
2490,List_of_Asian_countries
2491,List_of_Canadian_provinces_and_territories_by_area
2492,List_of_European_Union_member_states_by_accession
2493,List_of_European_countries
2494,List_of_French_monarchs
2495,List_of_North_American_countries
2496,List_of_Oceanian_countries
2497,List_of_Prime_Ministers_of_the_United_Kingdom
2498,List_of_South_American_countries
2499,List_of_Test_cricket_triple_centuries
2500,List_of_U.S._states_by_date_of_statehood
2501,List_of_animal_welfare_groups
2502,List_of_areas_in_the_National_Park_System_of_the_United_States
2503,List_of_circulating_currencies
2504,List_of_countries
2505,List_of_countries_by_system_of_government
2506,List_of_elements_by_name
2507,List_of_essential_oils
2508,List_of_lakes
2509,List_of_members_of_the_Commonwealth_of_Nations_by_date_joined
2510,List_of_minerals
2511,List_of_monarchs_in_the_British_Isles
2512,List_of_particles
2513,List_of_popes
2514,List_of_rivers_by_length
2515,List_of_sovereign_states
2516,List_of_universities_in_the_United_Kingdom
2517,List_of_vegetable_oils
2518,List_of_world's_largest_lakes
2519,Literacy
2520,Literature
2521,Lithium
2522,Lithium_aluminium_hydride
2523,Lithuania
2524,Little_Women
2525,Liverpool
2526,Liverpool_F.C.
2527,Liverpool_and_Manchester_Railway
2528,Llandudno
2529,Llywelyn_the_Great
2530,Local_community
2531,Local_government_in_the_United_Kingdom
2532,Loch
2533,Loch_Ness
2534,Logba_language
2535,Logic
2536,Logistics
2537,Lomé
2538,London
2539,London_Bridge
2540,London_Underground
2541,London_Zoo
2542,London_sewerage_system
2543,Lone_Wolf_(gamebooks)
2544,Long-billed_Vulture
2545,Long-tailed_Tit
2546,Long_pepper
2547,Longship
2548,Looney_Tunes
2549,Lope_de_Barrientos
2550,Lord's_Resistance_Army
2551,Lord_Voldemort
2552,"Los_Angeles,_California"
2553,Lost_(TV_series)
2554,Lothal
2555,Lottie_Dod
2556,Louis_Armstrong
2557,Louis_Freeh
2558,Louis_Jordan
2559,Louis_Pasteur
2560,Louis_XIV_of_France
2561,"Louisville,_Kentucky"
2562,Lovage
2563,Love
2564,"Lucy,_Lady_Duff-Gordon"
2565,Ludwig_Wittgenstein
2566,Ludwig_van_Beethoven
2567,Luftwaffe
2568,Luminiferous_aether
2569,Lunar_eclipse
2570,Lung_cancer
2571,Lusaka
2572,Lutetium
2573,Luxembourg
2574,Luxembourg_(city)
2575,Lyme_disease
2576,Lyndon_B._Johnson
2577,Lynton_and_Barnstaple_Railway
2578,Lyon
2579,M*A*S*H_(TV_series)
2580,M-10001
2581,M-10003-6
2582,M1_motorway
2583,M25_motorway
2584,M6_motorway
2585,MINI_(BMW)
2586,Macau
2587,Macbeth
2588,Macbeth_of_Scotland
2589,Macedon
2590,Machu_Picchu
2591,Macintosh
2592,Mackenzie_River
2593,Madagascar
2594,Madama_Butterfly
2595,Madrid
2596,Magdalena_Abakanowicz
2597,Magellanic_Penguin
2598,Maghreb
2599,Magic__The_Gathering
2600,Maglev_train
2601,Magma
2602,Magna_Carta
2603,Magnesium
2604,Magnet
2605,Magnetism
2606,Magpie
2607,Mahabharata
2608,Mahatma_Gandhi
2609,Mahjong
2610,Mahmoud_Abbas
2611,Maiasaura
2612,Maize
2613,Makuria
2614,Malaria
2615,Malaspina_Glacier
2616,Malawi
2617,Malaysia
2618,Malcolm_III_of_Scotland
2619,Malcolm_II_of_Scotland
2620,Malcolm_X
2621,Maldives
2622,Mali
2623,Mallard
2624,Malta
2625,Malwa_(Madhya_Pradesh)
2626,Mamenchisaurus
2627,Mammal
2628,Mammoth
2629,Mammoth_Cave_National_Park
2630,Mancala
2631,Manchester
2632,Manchester_United_F.C.
2633,Mandan
2634,Manganese
2635,Mango
2636,Manifest_Destiny
2637,Manifold
2638,Manila
2639,Manorialism
2640,Manuel_I_Komnenos
2641,Manufacturing
2642,Mao_Zedong
2643,Map_projection
2644,Maputo
2645,Marc_Pugh
2646,Marcel_Lefebvre
2647,Marcel_Proust
2648,Marco_Polo
2649,Marcus_Allen
2650,Margaret_Sanger
2651,Margaret_Thatcher
2652,Margate
2653,Margin_of_error
2654,Marginated_Tortoise
2655,Marie_Curie
2656,Mario
2657,Marjoram
2658,Mark_Antony
2659,Mark_Twain
2660,Mark_Twain_House
2661,Mark_Webber
2662,Market
2663,Markup_language
2664,Mars
2665,Mars_Exploration_Rover
2666,Mars_Reconnaissance_Orbiter
2667,Marseille
2668,Marshall_Islands
2669,Marshall_Plan
2670,Martello_tower
2671,Martin_Luther
2672,"Martin_Luther_King,_Jr."
2673,Martin_Van_Buren
2674,Martina_Navratilova
2675,Martinique
2676,Marvin_Gaye
2677,Marxism
2678,Mary_II_of_England
2679,Mary_I_of_England
2680,Mary_I_of_Scotland
2681,Mary_Kingsley
2682,Mary_Seacole
2683,Mary_Somerville
2684,Maseru
2685,Mass_Rapid_Transit_(Singapore)
2686,Mass_media
2687,Massospondylus
2688,Material_properties_of_diamond
2689,Mathematical_analysis
2690,Mathematics
2691,Matilda_of_Boulogne
2692,Matrix_(mathematics)
2693,Matsuo_Bashō
2694,Matter
2695,Matthew_Brettingham
2696,Mauna_Loa
2697,Mauritania
2698,Mauritius
2699,Mausoleum_of_Maussollos
2700,Mauthausen-Gusen_concentration_camp
2701,Max_Planck
2702,Max_Weber
2703,Maxwell's_equations
2704,Maya_civilization
2705,Maya_mythology
2706,Mayotte
2707,Mbabane
2708,McFly_(band)
2709,Meander
2710,Measles
2711,Measurement
2712,Meat
2713,Mecca
2714,Mechanical_work
2715,Medal_of_Honor
2716,Medicine
2717,Medieval_commune
2718,Medieval_literature
2719,Medieval_music
2720,Mediterranean_Sea
2721,Mega_Man_X_(character)
2722,Meitnerium
2723,Mekong
2724,Melbourne
2725,Mendelevium
2726,Mendip_Hills
2727,Meningitis
2728,Menstrual_cycle
2729,Mentha
2730,Menthol
2731,Mercantilism
2732,Mercia
2733,Mercury_(element)
2734,Mercury_(planet)
2735,Merrimack_River
2736,Merseburg_Incantations
2737,Mesopotamia
2738,Mestizo
2739,Metal
2740,Metallurgy
2741,Metamorphic_rock
2742,Meteor
2743,Meteor_shower
2744,Meteorological_history_of_Hurricane_Katrina
2745,Meteorology
2746,Metric_expansion_of_space
2747,Mexico
2748,Mexico_City
2749,"Miami,_Florida"
2750,Michael_Faraday
2751,Michael_Jordan
2752,Michael_Ramsey
2753,Michael_Woodruff
2754,Michelangelo
2755,Michigan_State_University
2756,Mickey_Mantle
2757,Microraptor
2758,Microscope
2759,Microsoft
2760,Microsoft_Windows
2761,Middle_Ages
2762,Middle_East
2763,Midway_Atoll
2764,Miguel_de_Cervantes
2765,Mikhail_Gorbachev
2766,Milan
2767,Miles_Davis
2768,Milgram_experiment
2769,Military_dictatorship
2770,Military_history_of_Canada
2771,Military_history_of_France
2772,Military_history_of_Puerto_Rico
2773,Military_history_of_the_Soviet_Union
2774,Milk
2775,Milk_thistle
2776,Milkshake
2777,Milky_Way
2778,Millard_Fillmore
2779,Milton_Keynes
2780,Mind
2781,Mineral
2782,Ming_Dynasty
2783,Mini
2784,Minimum_wage
2785,Mining
2786,Minmi_(dinosaur)
2787,"Minneapolis,_Minnesota"
2788,Minnesota
2789,Minoan_civilization
2790,Minstrel_show
2791,Miocene
2792,Mir
2793,Mirabilis_(plant)
2794,Miranda_Otto
2795,Mississippi_River
2796,Missouri_River
2797,Mistle_Thrush
2798,Mitochondrial_Eve
2799,Mitochondrion
2800,Mixed-breed_dog
2801,Mixtape
2802,Modern_history
2803,Modernist_poetry_in_English
2804,Mogadishu
2805,Mohs_scale_of_mineral_hardness
2806,Moldova
2807,Moldovans
2808,Mole_(animal)
2809,Molybdenum
2810,Momentum
2811,Mona_Lisa
2812,Monaco
2813,Monaco_Grand_Prix
2814,Monarchies_in_the_European_Union
2815,Monarchy
2816,Monarda_didyma
2817,Money
2818,Mongol_Empire
2819,Mongol_invasion_of_Central_Asia
2820,Mongolia
2821,Mongoose
2822,Monkey
2823,Monoclonius
2824,Monopoly_(game)
2825,Monrovia
2826,Montenegro
2827,Montevideo
2828,Montreal
2829,Montreal_Metro
2830,Montserrat
2831,Monty_Python
2832,Moon
2833,Moon_landing
2834,Moore's_Law
2835,Moorgate
2836,Moorhen
2837,Morecambe_Bay
2838,Morecambe_and_Wise
2839,Moringa_oleifera
2840,Mormon
2841,Mormon_Trail
2842,Morocco
2843,Morphine
2844,Morris_dance
2845,Mosaic
2846,Moscow
2847,Mosque
2848,Moss
2849,Mother_Teresa
2850,Motion_(physics)
2851,Mount_Baker
2852,Mount_Everest
2853,Mount_Kilimanjaro
2854,Mount_Nyiragongo
2855,"Mount_Osmond,_South_Australia"
2856,Mount_Pinatubo
2857,Mount_Rainier
2858,Mount_Rushmore
2859,Mount_St._Helens
2860,Mount_Unzen
2861,Mount_Vesuvius
2862,Mountain_Gorilla
2863,Mozambique
2864,Mozilla_Firefox
2865,Mu_Arae
2866,Muhammad
2867,Muhammad_Ali
2868,Muhammad_Ali_Jinnah
2869,Muhammad_Iqbal
2870,Muhammad_ibn_Musa_al-Khwarizmi
2871,Multiculturalism
2872,Multiple_sclerosis
2873,Multiple_sequence_alignment
2874,Mumbai
2875,Mummy
2876,Munich
2877,Murray_River
2878,"Muscat,_Oman"
2879,Music
2880,Music_of_Albania
2881,Music_of_Antigua_and_Barbuda
2882,Music_of_Barbados
2883,Music_of_Dominica
2884,Music_of_Hawaii
2885,Music_of_Hungary
2886,Music_of_Ireland
2887,Music_of_Italy
2888,Music_of_Martinique_and_Guadeloupe
2889,Music_of_New_Zealand
2890,Music_of_Spain
2891,Music_of_Thailand
2892,Music_of_Trinidad_and_Tobago
2893,Music_of_the_Bahamas
2894,Music_of_the_Lesser_Antilles
2895,Music_of_the_United_States
2896,Music_of_the_trecento
2897,Musical_instrument
2898,Mustard_plant
2899,Mustard_seed
2900,Muttaburrasaurus
2901,Myanmar
2902,Myco-heterotrophy
2903,Myers-Briggs_Type_Indicator
2904,Myocardial_infarction
2905,Mysticism
2906,Mythology
2907,Myxobolus_cerebralis
2908,NATO
2909,Nadia_Comăneci
2910,Nagorno-Karabakh_War
2911,Nahuatl_language
2912,Nairobi
2913,Naked_Mole_Rat
2914,Names_of_God_in_Judaism
2915,Namibia
2916,Nanomedicine
2917,Napoleon_I_of_France
2918,Napoleonic_Wars
2919,Napster
2920,Nash_equilibrium
2921,"Nashville,_Tennessee"
2922,Natalie_Portman
2923,Nathu_La
2924,National_Anthem_of_Russia
2925,"National_Gallery,_London"
2926,National_Hockey_League
2927,National_parks_of_England_and_Wales
2928,Nationalism
2929,Nationality
2930,Natural_disaster
2931,Natural_gas
2932,Natural_selection
2933,Nature
2934,Nauru
2935,Naval_Battle_of_Guadalcanal
2936,Navassa_Island
2937,Nazi_Germany
2938,Nazism
2939,Necktie
2940,Negros_Oriental
2941,Neighbours
2942,Neil_Armstrong
2943,Neil_Young
2944,Nelson_Mandela
2945,Nematode
2946,Neoclassicism
2947,Neodymium
2948,Neon
2949,Nepal
2950,Nepenthes_rajah
2951,Nephron
2952,Neptune
2953,Neptunium
2954,Netball
2955,Netherlands
2956,Netherlands_Antilles
2957,Neutron
2958,New_Caledonia
2959,New_Delhi
2960,New_England_Patriots
2961,New_Forest
2962,New_York_City
2963,New_York_City_Subway_nomenclature
2964,New_Zealand
2965,New_moon
2966,"Newark,_New_Jersey"
2967,Newcastle_upon_Tyne
2968,Newmarket
2969,Newshounds
2970,Newspaper
2971,Newsround
2972,Niagara_Falls
2973,Nicaragua
2974,Niccolò_Machiavelli
2975,Niccolò_Paganini
2976,Niccolò_dell'Abbate
2977,Nickel
2978,Nicobar_Long-tailed_Macaque
2979,Nicolaus_Copernicus
2980,Niels_Bohr
2981,Nigella
2982,Niger
2983,Niger_River
2984,Nigeria
2985,Nightingale
2986,Nikola_Tesla
2987,Nikolai_Rimsky-Korsakov
2988,Nile
2989,Nine_Million_Bicycles
2990,Nineteen_Eighty-Four
2991,Nintendo
2992,Nintendo_DS
2993,Nintendo_Entertainment_System
2994,Niobium
2995,Nirvana_(band)
2996,Nitrification
2997,Nitrogen
2998,Nitrogen_cycle
2999,Nitrogen_fixation
3000,Niue
3001,Noam_Chomsky
3002,Nobel_Peace_Prize
3003,Nobelium
3004,Nobiin_language
3005,Norfolk
3006,Norfolk_Island
3007,Norman_Borlaug
3008,Norman_conquest_of_England
3009,Norse_mythology
3010,North_Africa
3011,North_America
3012,North_Atlantic_oscillation
3013,North_Korea
3014,North_Sea
3015,North_Sea_flood_of_1953
3016,North_Sea_oil
3017,Northern_Ireland
3018,Northern_Mariana_Islands
3019,Northern_Pacific_Railway
3020,Northwest_Africa
3021,Norway
3022,Norwich
3023,Nostradamus
3024,Nottingham
3025,Nouakchott
3026,Novel
3027,Novelty_(locomotive)
3028,Nuclear_fission
3029,Nuclear_power
3030,Nuclear_weapon
3031,Number
3032,Numismatics
3033,Nurse_sharks
3034,Nuthatch
3035,Nutmeg
3036,Nutrition
3037,Oasis_(band)
3038,Oat
3039,Obi-Wan_Kenobi
3040,Ocean
3041,Oceania
3042,Oceanography
3043,Odin
3044,Odysseus
3045,Odyssey
3046,Oenothera
3047,Ohm
3048,Oil_painting
3049,Oil_refinery
3050,Oil_reservoir
3051,Okapi
3052,Olaudah_Equiano
3053,Old_English_language
3054,Old_Nubian_language
3055,Old_Swiss_Confederacy
3056,Oleg_of_Novgorod
3057,Oligarchy
3058,Oligocene
3059,Olive_oil
3060,Oliver_Cromwell
3061,Oliver_Twist
3062,Ollanta_Humala
3063,Olmec
3064,Olympic_Games
3065,Oman
3066,Omega-3_fatty_acid
3067,One_Flew_Over_the_Cuckoo's_Nest_(novel)
3068,One_Foot_in_the_Grave
3069,Onion
3070,Onion_dome
3071,OpenBSD
3072,OpenOffice.org
3073,Open_cluster
3074,Open_source
3075,Opera
3076,Oppression
3077,Optical_fiber
3078,Optical_microscope
3079,Optical_telescope
3080,Opuntia_imbricata
3081,Opus_Dei
3082,Orbit_(anatomy)
3083,Orca
3084,Order_of_Canada
3085,Order_of_St._Patrick
3086,Order_of_the_Bath
3087,Order_of_the_Garter
3088,Order_of_the_Thistle
3089,Ordinal_number
3090,Ordinary_differential_equation
3091,Ordination_of_women
3092,Ordovician
3093,Oregano
3094,Oregon
3095,Organism
3096,Organization
3097,Orion_Nebula
3098,Orkney
3099,Ormulum
3100,Ornithischia
3101,Oroonoko
3102,Osaka
3103,Osama_bin_Laden
3104,Osiris
3105,Oslo
3106,Osmium
3107,Osprey
3108,Osteomalacia
3109,Ostrich
3110,Oswald_of_Northumbria
3111,Ottawa
3112,Otter
3113,Otto_von_Bismarck
3114,Ottoman_Empire
3115,Ouagadougou
3116,Outer_Hebrides
3117,Overseas_Railroad
3118,Oviraptor
3119,Owl
3120,Oxbow_lake
3121,Oxford
3122,Oxygen
3123,Oxyrhynchus
3124,Ozone
3125,Ozone_depletion
3126,Póvoa_de_Varzim
3127,PONG
3128,PRR_GG1
3129,PRR_M1
3130,PSR_B1620-26c
3131,Pablo_Picasso
3132,Pac-Man
3133,Pachycephalosaurus
3134,Pacific_Ocean
3135,Painting
3136,Pakistan
3137,Palace_of_Westminster
3138,Palau
3139,Palazzo_Pitti
3140,Paleocene
3141,Paleontology
3142,Palestinian_territories
3143,Pali_Canon
3144,Palio_di_Siena
3145,Palladian_architecture
3146,Palladium
3147,Palm_oil
3148,Palmyra_Atoll
3149,Pan_Am_Flight_103
3150,Panama
3151,Panama_Canal
3152,Pandanus
3153,Papal_conclave
3154,Paprika
3155,Papua_New_Guinea
3156,Paraguay
3157,Parasaurolophus
3158,Paricutín
3159,Paris
3160,Park
3161,Parliament_of_Canada
3162,Parliament_of_Malaysia
3163,Parliament_of_the_United_Kingdom
3164,Parliamentary_system
3165,Parrot
3166,Parsley
3167,Parsnip
3168,Parthenon
3169,Pashtun_people
3170,Passenger_Pigeon
3171,Pat_Cash
3172,Patna
3173,Paul_Cézanne
3174,Paul_Dirac
3175,Paul_Kane
3176,Paul_McCartney
3177,Paul_of_Tarsus
3178,Pea
3179,Peace
3180,Peaceful_coexistence
3181,Peafowl
3182,Peak_District
3183,Peanut
3184,Pearl
3185,Pedagogy
3186,Pedro_del_Valle
3187,Pelé
3188,Pelagic_zone
3189,Pellagra
3190,Pelycosaur
3191,Penda_of_Mercia
3192,Penguin
3193,Pennine_Way
3194,Pennsylvania_Railroad
3195,Pentateuch
3196,People's_Republic_of_China
3197,Pere_Marquette_1225
3198,Peregrine_Falcon
3199,Perfect_number
3200,Pericles
3201,Periodic_table
3202,Periodic_table_(large_version)
3203,Perl
3204,Permian
3205,Pernicious_anemia
3206,Persian_Empire
3207,Persian_Gulf
3208,Persian_literature
3209,"Perth,_Western_Australia"
3210,Peru
3211,Pete_Sampras
3212,Peter_Grimes
3213,Peter_I_of_Russia
3214,Peter_Paul_Rubens
3215,Peterborough_Chronicle
3216,Petroleum
3217,Phase_(matter)
3218,Pheidippides
3219,Phenylketonuria
3220,Philadelphia
3221,Philately
3222,Philip_II_of_Spain
3223,Philippines
3224,Philosophiae_Naturalis_Principia_Mathematica
3225,Philosophy
3226,Philosophy_of_mind
3227,Phineas_Gage
3228,Phishing
3229,Phla-Pherá_languages
3230,Phoenix_(spacecraft)
3231,Phoenix_Zoo
3232,Phonograph_cylinder
3233,Phosphorus
3234,Phosphorus_tribromide
3235,Phosphorus_trichloride
3236,Phosphoryl_chloride
3237,Photography
3238,Photon
3239,Photosynthesis
3240,Photosynthetic_reaction_centre
3241,Photovoltaic_array
3242,Physical_paradox
3243,Physical_science
3244,Physics
3245,Pi
3246,Piano
3247,Piccadilly_Circus
3248,Picts
3249,Pied_Avocet
3250,Pig
3251,Pigeon
3252,Pigment
3253,Pikachu
3254,Pink_Pigeon
3255,Pinworm
3256,Pitcairn_Islands
3257,Plains_Zebra
3258,Planet
3259,Planetary_habitability
3260,Planetary_nebula
3261,Plant
3262,Plant_cell
3263,Plasma_(physics)
3264,Plate_tectonics
3265,Plateosaurus
3266,Platinum
3267,Plato
3268,Platypus
3269,Playing_card
3270,Pleiades_(star_cluster)
3271,Plesiosaur
3272,Pliocene
3273,Plover
3274,Plum
3275,Pluto
3276,Plutonium
3277,Plymouth
3278,Pneumonia
3279,Pochard
3280,Podcasting
3281,Poetry
3282,Poetry_of_the_United_States
3283,Poison_gas_in_World_War_I
3284,Pokémon_Trading_Card_Game
3285,Poland
3286,Polar_coordinate_system
3287,Polar_ice_cap
3288,Police
3289,Police_state
3290,Polish–Muscovite_War_(1605–1618)
3291,Polish-Lithuanian_Commonwealth
3292,Polish-Muscovite_War_(1605–1618)
3293,Polish-Soviet_War
3294,Political_economy
3295,Political_integration_of_India
3296,Political_philosophy
3297,Political_science
3298,Politics
3299,Politics_of_the_United_Kingdom
3300,Pollinator
3301,Pollinator_decline
3302,Pollution
3303,Polonium
3304,Polymerase_chain_reaction
3305,Pompeii
3306,Pond
3307,Pontiac's_Rebellion
3308,Pony
3309,Poor_Law
3310,Pop_Idol
3311,Pope
3312,Pope_Benedict_XVI
3313,Pope_John_Paul_II
3314,Pope_Pius_XII
3315,Popular_culture
3316,Popular_culture_studies
3317,Population_history_of_American_indigenous_peoples
3318,Porgy_and_Bess
3319,Port_Louis
3320,Porto-Novo
3321,Portsmouth
3322,Portugal
3323,Portuguese_Communist_Party
3324,Portuguese_language
3325,Post-glacial_rebound
3326,Postage_stamp
3327,Postman_Pat
3328,Potassium
3329,Potassium_iodide
3330,Potassium_nitrate
3331,Potato
3332,Pottery
3333,Poultry
3334,Pound_sterling
3335,Poverty
3336,Prague
3337,Praia
3338,Praseodymium
3339,Pre-Raphaelite_Brotherhood
3340,Precambrian
3341,Prehistoric_man
3342,President_of_the_United_States
3343,Pretoria
3344,Pride_and_Prejudice
3345,Prime_Minister_of_the_United_Kingdom
3346,Prime_number
3347,Primula
3348,Princeton_University
3349,Principality
3350,Printmaking
3351,Prion
3352,Private_Peaceful
3353,Privy_Council_of_the_United_Kingdom
3354,Pro_Milone
3355,Probability_theory
3356,Programming_language
3357,Project_MKULTRA
3358,Project_Vanguard
3359,Promethium
3360,Propaganda
3361,Property
3362,Prospecting
3363,Prostate_cancer
3364,Protactinium
3365,Protein
3366,Protoceratops
3367,Proton
3368,Proxima_Centauri
3369,Psittacosaurus
3370,Psychology
3371,Pterosaur
3372,Ptolemy
3373,Publishing
3374,Puerto_Rico
3375,Puffin
3376,Pumpkin
3377,Punctuated_equilibrium
3378,Pupil
3379,Pygmy_Hippopotamus
3380,Pyongyang
3381,Pyotr_Ilyich_Tchaikovsky
3382,Pyramid
3383,Pyrite
3384,Pythagoras
3385,Pythagorean_theorem
3386,Python_(programming_language)
3387,Qatar
3388,Qin_Dynasty
3389,Qin_Shi_Huang
3390,Qing_Dynasty
3391,Quantity
3392,Quantum_chemistry
3393,Quantum_computer
3394,Quantum_mechanics
3395,Quark
3396,Quartz
3397,Quatermass_and_the_Pit
3398,Queen_(band)
3399,Quetzalcoatl
3400,Quito
3401,Qur'an
3402,Réunion
3403,RER
3404,RMS_Titanic
3405,ROT13
3406,RSS_(file_format)
3407,Rabat
3408,Rabbit
3409,Rabies
3410,Rabindranath_Tagore
3411,Race
3412,Radar
3413,Radhanite
3414,Radio
3415,Radio_frequency
3416,Radio_telescope
3417,Radish
3418,Radium
3419,Radon
3420,Ragtime
3421,Rail_transport
3422,Rail_transport_in_India
3423,Railway_post_office
3424,Rain
3425,Rainbow
3426,Rainforest
3427,Rainhill_Trials
3428,Raising_the_Flag_on_Iwo_Jima
3429,Ralph_Nader
3430,Rama
3431,Ramayana
3432,Ramesses_II
3433,Ramsgate
3434,Ran_(film)
3435,Raney_nickel
3436,Raphael
3437,Rapping
3438,Raven
3439,Ray_of_Light
3440,Real_tennis
3441,Rebecca_Helferich_Clarke
3442,Recorder
3443,Recycling
3444,Red_Kite
3445,Red_Panda
3446,Red_Sea
3447,Red_dwarf
3448,Red_giant
3449,Red_rain_in_Kerala
3450,Redshift
3451,Redwing
3452,Redwood_National_and_State_Parks
3453,Reed_Bunting
3454,Reed_Warbler
3455,Refining
3456,Refrigerator_car
3457,Regent's_Park
3458,Reggae
3459,Reggaeton
3460,Religion
3461,Religious_Society_of_Friends
3462,Rembrandt
3463,René_Descartes
3464,Renaissance
3465,Renaissance_music
3466,Renminbi
3467,Renormalization
3468,Reptile
3469,Republic_of_China
3470,Republic_of_Ireland
3471,Republic_of_Macedonia
3472,Republic_of_the_Congo
3473,Restoration_comedy
3474,Restoration_literature
3475,Retina
3476,Retinol
3477,Retreat_of_glaciers_since_1850
3478,Revised_Standard_Version
3479,Revolution
3480,Reza_Shah
3481,Rhenium
3482,Rhine
3483,Rhode_Island
3484,Rhodium
3485,Rhodium(III)_chloride
3486,Rhubarb
3487,Rhythm_and_blues
3488,Rice
3489,Richard_Feynman
3490,Richard_Francis_Burton
3491,Richard_III_(play)
3492,Richard_III_of_England
3493,Richard_II_of_England
3494,Richard_I_of_England
3495,Richard_Nixon
3496,Richard_O'Connor
3497,Richard_Stallman
3498,Richard_Wagner
3499,"Richmond,_Virginia"
3500,Riesling
3501,Right_whale
3502,Ringed_Plover
3503,Rio_Tinto_Group
3504,Rio_de_Janeiro
3505,River
3506,River_Severn
3507,River_Thames
3508,Riyadh
3509,Roald_Amundsen
3510,Roan_Antelope
3511,"Robert_Baden-Powell,_1st_Baron_Baden-Powell"
3512,Robert_Boyle
3513,"Robert_Gascoyne-Cecil,_3rd_Marquess_of_Salisbury"
3514,Robert_Oppenheimer
3515,Robert_Owen
3516,Robert_Peel
3517,Robert_Schumann
3518,Robert_Stephenson
3519,Robinson_Crusoe
3520,Roche_limit
3521,Rock_Bunting
3522,Rock_Pigeon
3523,Rock_of_Gibraltar
3524,Rockall
3525,Rocky_Mountains
3526,Rococo
3527,Roentgenium
3528,Roman_Britain
3529,Roman_Catholic_Church
3530,Roman_Empire
3531,Roman_Greece
3532,Roman_Vishniac
3533,Roman_law
3534,Roman_mythology
3535,Roman_road
3536,Roman_villa
3537,Romania
3538,Romanticism
3539,Rome
3540,Romeo_and_Juliet
3541,Romulus_Augustus
3542,Ronald_Reagan
3543,Rondane_National_Park
3544,Rook_(bird)
3545,Rosa_Parks
3546,Rose-ringed_Parakeet
3547,Rosemary
3548,Rosetta_Stone
3549,Rotterdam
3550,Rowan_Williams
3551,Royal_Air_Force
3552,Royal_Dutch_Shell
3553,Royal_Geographical_Society
3554,Royal_Grammar_School_Worcester
3555,Royal_Marines
3556,Royal_National_Theatre
3557,Royal_Navy
3558,Royal_Parks_of_London
3559,Rubidium
3560,Rubik's_Cube
3561,Rudolf_Vrba
3562,Rudyard_Kipling
3563,Rugby_World_Cup
3564,Rugby_football
3565,Rule_of_St_Benedict
3566,Rupee
3567,Russia
3568,Russian_Revolution_of_1917
3569,Russian_constitutional_crisis_of_1993
3570,Russian_language
3571,Ruthenium
3572,Rutherford_B._Hayes
3573,Rutherfordium
3574,Rwanda
3575,Rwandan_Genocide
3576,São_Paulo
3577,São_Tomé
3578,São_Tomé_and_Príncipe
3579,Søren_Kierkegaard
3580,S-mine
3581,S._A._Andrée's_Arctic_balloon_expedition_of_1897
3582,SD26
3583,SR-71_Blackbird
3584,Safflower
3585,Saffron
3586,Sahara
3587,Saint-Pierre_and_Miquelon
3588,Saint_Helena
3589,Saint_Joan_(play)
3590,Saint_Kitts_and_Nevis
3591,Saint_Lawrence_Seaway
3592,Saint_Lucia
3593,Saint_Petersburg
3594,Saint_Vincent_and_the_Grenadines
3595,Sakurajima
3596,Saladin
3597,Salford
3598,Salsa_music
3599,Salt
3600,"Salt_Lake_City,_Utah"
3601,Saltasaurus
3602,Salvador_Dalí
3603,Samantha_Smith
3604,Samarium
3605,Samoa
3606,Samuel_Beckett
3607,Samuel_Taylor_Coleridge
3608,San_Diegan
3609,San_Diego_Electric_Railway
3610,San_Diego_and_Arizona_Railway
3611,"San_Francisco,_California"
3612,San_Francisco_garter_snake
3613,"San_Jose,_California"
3614,San_Marino
3615,Sand
3616,Sand_art_and_play
3617,Sand_shark
3618,Sandringham_House
3619,Sandur
3620,Sandy_Koufax
3621,Sanskrit
3622,Sanssouci
3623,Santa_Claus
3624,Santamaría_(volcano)
3625,"Santiago,_Chile"
3626,Santorini
3627,Sarajevo
3628,Sardar_Vallabhbhai_Patel
3629,Sasha_(DJ)
3630,Sassanid_Empire
3631,Saturn
3632,Saturn_V
3633,Saudi_Arabia
3634,Saurischia
3635,Sauropodomorpha
3636,Sauroposeidon
3637,Sauropsid
3638,Saxicola
3639,Saxophone
3640,Scandium
3641,Scanian_(linguistics)
3642,Scattered_disc
3643,Scelidosaurus
3644,Scent_of_a_Woman
3645,Schatzki_ring
3646,Scheme_programming_language
3647,Schizophrenia
3648,Schrödinger_equation
3649,Schuttern_Gospels
3650,Science
3651,Scientific_classification
3652,Scooby-Doo
3653,"Scotch_College,_Perth"
3654,Scotland
3655,Scotland_in_the_High_Middle_Ages
3656,Scots_language
3657,Scott_Special
3658,Scottish_Episcopal_Church
3659,Scottish_Gaelic_language
3660,Scottish_Highlands
3661,Scottish_mythology
3662,Scouting
3663,Scramble_for_Africa
3664,Screw
3665,Scrooge_McDuck
3666,Sculpture
3667,Scurvy
3668,Sea
3669,Sea_level_rise
3670,Sea_of_Galilee
3671,Seaborgium
3672,Sean_Connery
3673,Sears_Catalog_Home
3674,Season
3675,"Seattle,_Washington"
3676,Seawater
3677,Second_Boer_War
3678,Second_Congo_War
3679,Second_Crusade
3680,Seed
3681,Seinfeld
3682,Selena
3683,Selenium
3684,Semiconductor
3685,Semiconductor_device
3686,Senate_of_Canada
3687,Senegal
3688,Senufo_languages
3689,Seoul
3690,Separation_of_powers_under_the_United_States_Constitution
3691,"September_11,_2001_attacks"
3692,Sequence_alignment
3693,Sequoia
3694,Serbia
3695,Serbia_and_Montenegro
3696,Serenity_(film)
3697,Sermon_on_the_Mount
3698,Sesame
3699,Sesame_Street
3700,Set
3701,Severn_crossing
3702,Seychelles
3703,Sgt._Pepper's_Lonely_Hearts_Club_Band
3704,Shabo_language
3705,Shackleton_(crater)
3706,Shaka
3707,Shanghai
3708,Shark
3709,Sharon_Tate
3710,Sheffield
3711,Sheikh_Mujibur_Rahman
3712,Shelduck
3713,Shenzhou_6
3714,Shenzhou_spacecraft
3715,Shetland
3716,Shielded_metal_arc_welding
3717,Shigin
3718,Shining_Path
3719,Shinto
3720,Ship
3721,Shoe_polish
3722,Short-beaked_Echidna
3723,Shoshone_National_Forest
3724,Shrimp_farm
3725,Shrine_of_Remembrance
3726,Shroud_of_Turin
3727,Sichuan_Pepper
3728,Sicilian_Baroque
3729,Sickle-cell_disease
3730,Siege
3731,Siege_of_Antioch
3732,Sierra_Leone
3733,Sigmund_Freud
3734,Sikhism
3735,Sikkim
3736,Silent_film
3737,Silicon
3738,Silurian
3739,Silver
3740,Simón_Bolívar
3741,SimCity
3742,Simca_Vedette
3743,Sinclair_Research_Ltd
3744,Singapore
3745,Sino-German_cooperation_(1911-1941)
3746,Sino-Roman_relations
3747,Sirius
3748,Sistine_Chapel_ceiling
3749,Sitting_Bull
3750,Six-party_talks_concerning_North_Korea's_nuclear_program
3751,Skåneland
3752,Ska
3753,Skiing
3754,Skylark
3755,Slavery
3756,Slavic_mythology
3757,Sleep
3758,Slovakia
3759,Slovenia
3760,Smallpox
3761,Smog
3762,Snaefell_Mountain_Railway
3763,Snake_charming
3764,Snow
3765,Snow_Goose
3766,Snowball_Earth
3767,Snowdonia
3768,Snowdonia_National_Park
3769,Snowy_Owl
3770,Social_anxiety
3771,Social_capital
3772,Social_contract_(Malaysia)
3773,Socialism
3774,Society
3775,Society_of_Merchant_Venturers
3776,Sociocultural_evolution
3777,Sociology
3778,Socrates
3779,Soddo_language
3780,Sodium
3781,Sodium_hydroxide
3782,Sodium_sulfate
3783,Soil
3784,Soil_moisture
3785,Soil_pH
3786,Soil_profile
3787,Soil_salination
3788,Soil_science
3789,Soil_structure
3790,Soils_retrogression_and_degradation
3791,Solar_System
3792,Solar_eclipse
3793,Solomon_Islands
3794,Somalia
3795,Song_Thrush
3796,Sonic_the_Hedgehog_(character)
3797,Sony
3798,Sorghum
3799,Sorrel
3800,Soukous
3801,Sound
3802,Soup
3803,South_Africa
3804,South_America
3805,South_China_Sea
3806,South_Georgia_and_the_South_Sandwich_Islands
3807,South_Korea
3808,South_Ossetia
3809,Southampton
3810,Southern_Africa
3811,Southern_Ocean
3812,Southern_Pacific_4449
3813,Southern_Rockhopper_Penguin
3814,Southern_United_States
3815,Soviet_Union
3816,Soybean
3817,Space_Invaders
3818,Space_Race
3819,Space_Shuttle_Challenger
3820,Space_Shuttle_Challenger_disaster
3821,Space_Shuttle_Columbia
3822,Space_Shuttle_Columbia_disaster
3823,Space_Shuttle_Endeavour
3824,Space_Shuttle_program
3825,Space_exploration
3826,Space_station
3827,Space_suit
3828,Spacecraft_propulsion
3829,Spain
3830,Spanish_Armada
3831,Spanish_Inquisition
3832,Spanish_conquest_of_the_Inca_Empire
3833,Spanish_language
3834,Sparrow
3835,Sparrowhawk
3836,Speaker_of_the_British_House_of_Commons
3837,Speaker_of_the_United_States_House_of_Representatives
3838,Special_relativity
3839,Speech_synthesis
3840,Speed_of_light
3841,Sperm_Whale
3842,Sphere
3843,Spherical_aberration
3844,Spider
3845,Spinosaurus
3846,Spirit_of_the_American_Doughboy
3847,Spix's_Macaw
3848,Split_infinitive
3849,Sponsorship_Directdebit
3850,Sport
3851,Spotted_Flycatcher
3852,Spring_(season)
3853,Spring_Heeled_Jack
3854,Sputnik_1
3855,Sputnik_2
3856,Sputnik_program
3857,Spyware
3858,Squash_(sport)
3859,Sri_Lanka
3860,Sri_Lankan_Civil_War
3861,St_Buryan
3862,St_Michael's_Mount
3863,St_Paul's_Cathedral
3864,Stag_beetle
3865,Stage_(theatre)
3866,Stained_glass
3867,Stanisław_Koniecpolski
3868,Stanisław_Lem
3869,"Stanley,_Falkland_Islands"
3870,Stanley_Baldwin
3871,Star
3872,StarCraft
3873,Star_Fox__Assault
3874,Star_Trek
3875,Star_Trek__Deep_Space_Nine
3876,Star_Trek__The_Original_Series
3877,Star_Wars
3878,Star_Wars_Episode_IV__A_New_Hope
3879,Star_anise
3880,Stargate_SG-1
3881,Starling
3882,Starship_Troopers
3883,Statistics
3884,Statue_of_Zeus_at_Olympia
3885,Steam_engine
3886,Steel
3887,Stefan_Edberg
3888,Stegosaurus
3889,Stem_cell
3890,Stephen_Harper
3891,Stephen_Hawking
3892,Stephen_Jay_Gould
3893,Stephen_Trigg
3894,Stephen_of_England
3895,Steve_Davis
3896,Stickleback
3897,Still_Game
3898,Stingray
3899,Stock
3900,Stock_car_(rail)
3901,Stockholm
3902,Stoicism
3903,Stone_Age
3904,Stonehenge
3905,Storm_of_October_1804
3906,Stornoway
3907,Stourbridge_Lion
3908,Strait_of_Malacca
3909,Stratford-upon-Avon
3910,String_theory
3911,Stroke
3912,Strontium
3913,Struthiomimus
3914,Stuttering
3915,Stuttgart
3916,Styracosaurus
3917,Sub-Saharan_Africa
3918,Suburbs_of_Johannesburg
3919,Sucre
3920,Sudan
3921,Sudanic_languages
3922,Sudoku
3923,Suez_Canal
3924,Suffrage
3925,Sugar
3926,Sugar_beet
3927,Sugarcane
3928,Suikinkutsu
3929,Suleiman_the_Magnificent
3930,Sulfur
3931,Sulfuric_acid
3932,Sultan
3933,Sumac
3934,Sumatra
3935,Sumer
3936,Summer
3937,"Summer_Hill,_New_South_Wales"
3938,Sumo
3939,Sun
3940,Sun_Tzu
3941,Sun_Yat-sen
3942,Sundew
3943,Sunflower
3944,Sunlight
3945,Sunol_Water_Temple
3946,Sunset_Boulevard_(1950_film)
3947,Super_14
3948,Super_Bowl_XL
3949,Super_Chief
3950,Super_Mario_64
3951,Super_Mario_Bros.
3952,Superconductivity
3953,Superman
3954,Supermarine_Spitfire
3955,Supply_and_demand
3956,Supply_chain_management
3957,Supreme_Court_of_the_United_States
3958,Suriname
3959,Surtsey
3960,Sustainable_forestry
3961,Sutton_Hoo
3962,Svalbard
3963,Svartálfar
3964,Swallow
3965,Swan
3966,Swastika
3967,Swaziland
3968,Sweden
3969,Swedish_allotment_system
3970,Swift
3971,Swiss_Federal_Council
3972,Swissair_Flight_111
3973,Switzerland
3974,Sydney
3975,Sydney_Newman
3976,Sydney_Riot_of_1879
3977,Sylvanus_Morley
3978,Symmetry
3979,Synthesizer
3980,Syria
3981,T-34
3982,T._D._Judah
3983,T._S._Eliot
3984,TGV
3985,Tacitean_studies
3986,Tagoi_language
3987,Taipei
3988,Taiwan
3989,Taj_Mahal
3990,Tajikistan
3991,Talc
3992,Tamarind
3993,Tamil_language
3994,Tamil_people
3995,Tank
3996,Tansy
3997,Tantalum
3998,Tanzania
3999,Tao_Te_Ching
4000,Taoism
4001,Tarragon
4002,Tashkent
4003,Tasmanian_Devil
4004,Tawny_Owl
4005,Tay-Sachs_disease
4006,Tay_Rail_Bridge
4007,TeX
4008,Tea
4009,Technetium
4010,Technology
4011,Tehran
4012,Tel_Aviv
4013,Telecommunication
4014,Telephone
4015,Telephone_exchange
4016,Telescope
4017,Television
4018,Tellurium
4019,Temperate
4020,Temple_of_Artemis
4021,Templon
4022,Tennis
4023,Tennis_Masters_Cup
4024,"Tenzin_Gyatso,_14th_Dalai_Lama"
4025,Tenzing_Norgay
4026,Terbium
4027,Terik
4028,Tern
4029,Terrorism
4030,Textile
4031,Thailand
4032,Thalassemia
4033,Thallium
4034,The_Absent-Minded_Beggar
4035,The_Adventures_of_Tintin
4036,The_Anarchy
4037,The_Ashes
4038,The_Bahamas
4039,The_Beano
4040,The_Beatles
4041,The_Beatles_discography
4042,The_Blitz
4043,The_Broads
4044,The_Brothers_Karamazov
4045,The_Canadian
4046,The_Cantos
4047,The_Cat_in_the_Hat
4048,The_Catcher_in_the_Rye
4049,The_Catlins
4050,"The_Championships,_Wimbledon"
4051,The_Children's_Machine
4052,The_Count_of_Monte_Cristo
4053,The_Country_Wife
4054,The_Curious_Incident_of_the_Dog_in_the_Night-time
4055,The_Dandy
4056,The_Fairy-Queen
4057,The_Famous_Five_(characters)
4058,The_Fens
4059,The_Frogs
4060,The_Gambia
4061,The_Godfather
4062,The_Great_Exhibition
4063,The_Hague
4064,The_Hitchhiker's_Guide_to_the_Galaxy
4065,The_Hobbit
4066,The_Holocaust
4067,The_Illuminatus!_Trilogy
4068,The_Importance_of_Being_Earnest
4069,The_Iron_Bridge
4070,The_King's_Regiment_(Liverpool)
4071,The_Last_Supper_(Leonardo)
4072,The_Legend_of_Zelda_series
4073,"The_Lion,_the_Witch_and_the_Wardrobe"
4074,The_Lion_King
4075,The_Lorax
4076,The_Lord_of_the_Rings
4077,The_Lord_of_the_Rings_film_trilogy
4078,The_Magic_Flute
4079,The_Marriage_of_Figaro
4080,The_Merchant_of_Venice
4081,The_Mismeasure_of_Man
4082,The_Old_Man_and_the_Sea
4083,The_Origin_of_Species
4084,The_Oz_books
4085,The_Picture_of_Dorian_Gray
4086,The_Pilgrim's_Progress
4087,The_Quatermass_Experiment
4088,The_Relapse
4089,The_Rime_of_the_Ancient_Mariner
4090,The_Rite_of_Spring
4091,The_Rolling_Stones
4092,The_Seagull
4093,The_Shawshank_Redemption
4094,The_Simpsons
4095,The_Smiths
4096,The_Supremes
4097,The_Temptations
4098,The_Wall_Street_Journal
4099,The_Waste_Land
4100,The_West_Wing_(TV_series)
4101,The_X-Files
4102,Theatre
4103,"Theatre_Royal,_Drury_Lane"
4104,Theatre_in_the_round
4105,Theodore_Roosevelt
4106,Therizinosaurus
4107,Thermodynamic_temperature
4108,Thermodynamics
4109,Theropoda
4110,Theta
4111,Thiamine
4112,Third_Servile_War
4113,Thomas_Aquinas
4114,Thomas_Becket
4115,Thomas_Cranmer
4116,Thomas_Edison
4117,Thomas_Gainsborough
4118,Thomas_Hobbes
4119,Thomas_Jefferson
4120,Thomas_Malthus
4121,Thomas_More
4122,Thomas_Pynchon
4123,Thomas_Samuel_Kuhn
4124,Thor
4125,Thorax
4126,Thorium
4127,Thrasybulus
4128,Three_Gorges_Dam
4129,Three_Laws_of_Robotics
4130,Three_Mile_Island_accident
4131,Thrush_(bird)
4132,Thucydides
4133,Thulium
4134,Thunderstorm
4135,Tiananmen_Square_protests_of_1989
4136,Tibet
4137,Tide
4138,Tiger
4139,Tiger_Woods
4140,Tiger_shark
4141,Tigris
4142,Tijuana
4143,Tiktaalik
4144,Tim_Berners-Lee
4145,Tim_Henman
4146,Timbuktu
4147,Time
4148,Time_zone
4149,Timeline_of_discovery_of_solar_system_planets_and_their_natural_satellites
4150,Timken_1111
4151,Timur
4152,Tin
4153,Tin(II)_chloride
4154,Tin_whistle
4155,Tiridates_I_of_Armenia
4156,Titanium
4157,Titanosauridae
4158,To_Kill_a_Mockingbird
4159,Tobacco
4160,Tobacco_smoking
4161,Tofu
4162,Togo
4163,Tokelau
4164,Tokyo
4165,Toluene
4166,Tom_and_Jerry_(MGM)
4167,Tone_cluster
4168,Tonga
4169,Tony_Blair
4170,Tooth_development
4171,Tooth_enamel
4172,Top_of_the_Pops
4173,Topology
4174,Toraja
4175,Tornado
4176,Toronto
4177,Tottenham_Hotspur_F.C.
4178,Tour_de_France
4179,Tourette_syndrome
4180,Tourism
4181,Tower_Bridge
4182,Tower_of_London
4183,Toy
4184,Toy_Story
4185,Trabancos_River
4186,Trade_and_usage_of_saffron
4187,Trade_union
4188,Trafalgar_Square
4189,Train
4190,Trans-Siberian_Railway
4191,Transit_of_Venus
4192,Transport
4193,Trapdoor_spider
4194,Treasure_Island
4195,Treaty_of_Devol
4196,Treaty_of_Versailles
4197,Tree
4198,Tree_Sparrow
4199,Tree_frog
4200,Treecreeper
4201,Trench_warfare
4202,Triassic
4203,Triathlon
4204,Tribe
4205,Triceratops
4206,Trichinosis
4207,Triggerplant
4208,Trigonometric_function
4209,Trigonometry
4210,Trimurti
4211,Trinidad_and_Tobago
4212,Trinity
4213,"Trinity_College,_Cambridge"
4214,Trinity_test
4215,Tripitaka
4216,Tripoli
4217,Triumph_of_the_Will
4218,Trobairitz
4219,Trojan_War
4220,Troodon
4221,Troop_sleeper
4222,Tropical_Storm_Allison
4223,Tropical_Storm_Ana_(2003)
4224,Tropical_Storm_Bilis_(2006)
4225,Tropical_Storm_Bonnie_(2004)
4226,Tropical_Storm_Chris_(2006)
4227,Tropical_Storm_Danielle_(1992)
4228,Tropical_Storm_Delta_(2005)
4229,Tropical_Storm_Franklin_(2005)
4230,Tropical_Storm_Harvey_(2005)
4231,Tropical_Storm_Henri_(2003)
4232,Tropical_Storm_Isabel_(1985)
4233,Tropical_Storm_Larry_(2003)
4234,Tropical_Storm_Lee_(2005)
4235,Tropical_Storm_Leslie_(2000)
4236,Tropical_Storm_Matthew_(2004)
4237,Tropical_Storm_Odette_(2003)
4238,Tropical_Storm_Vamei
4239,Tropical_Storm_Zeta_(2005)
4240,Tropical_cyclone
4241,Tropics
4242,Trout
4243,Trumpet
4244,Tsar_Bomba
4245,Tsunami
4246,Tuatara
4247,Tuberculosis
4248,Tufted_Duck
4249,Tuna
4250,Tungsten
4251,Tunis
4252,Tunisia
4253,Tupac_Shakur
4254,Turin
4255,Turkey
4256,Turkey_(bird)
4257,Turkish_Republic_of_Northern_Cyprus
4258,Turkish_literature
4259,Turkmenistan
4260,Turks_and_Caicos_Islands
4261,Turmeric
4262,Turner_syndrome
4263,Turquoise
4264,Turtle
4265,Tutsi
4266,Tuvalu
4267,Tycho_Brahe
4268,Typewriter
4269,Typhoon_Ewiniar_(2006)
4270,Typhoon_Saomai_(2006)
4271,Tyrannosaurus
4272,U.S._Navy_Marine_Mammal_Program
4273,U.S._Open_(tennis)
4274,U.S._Route_66
4275,U.S._state
4276,U2
4277,USS_Wisconsin_(BB-64)
4278,Ubuntu_(Linux_distribution)
4279,Uffington_White_Horse
4280,Uganda
4281,Ukraine
4282,Ukulele
4283,Ulawun
4284,Ultimatum_game
4285,Ultraviolet
4286,Uluru
4287,Ulysses_S._Grant
4288,Umbrella_Cockatoo
4289,Underground_(stories)
4290,Union_Flag
4291,Union_Station_(San_Diego)
4292,United_Arab_Emirates
4293,United_Kingdom
4294,United_Kingdom_national_football_team
4295,United_Malays_National_Organisation
4296,United_Nations
4297,United_States
4298,United_States_Bill_of_Rights
4299,United_States_Congress
4300,United_States_Constitution
4301,United_States_Declaration_of_Independence
4302,United_States_House_of_Representatives
4303,United_States_Numbered_Highways
4304,United_States_Senate
4305,United_States_Virgin_Islands
4306,United_States_dollar
4307,United_for_Peace_and_Justice
4308,Universe
4309,University
4310,University_of_Bristol
4311,University_of_Cambridge
4312,University_of_Chicago
4313,University_of_Texas_at_Austin
4314,Unix
4315,Ununbium
4316,Ununhexium
4317,Ununoctium
4318,Ununpentium
4319,Ununquadium
4320,Ununtrium
4321,Upsilon_Andromedae
4322,Upsilon_Andromedae_b
4323,Upsilon_Andromedae_c
4324,Upsilon_Andromedae_d
4325,Uranium
4326,Uranus
4327,Urial
4328,Ursuline_Convent_Riots
4329,Uruguay
4330,Utilitarianism
4331,Utrecht_(city)
4332,Uzbekistan
4333,Vacutainer
4334,Valparaíso
4335,Vampire
4336,Vampire_bat
4337,Van_Halen
4338,Vanadium
4339,Vancouver
4340,Vanilla
4341,Vanuatu
4342,Varanasi
4343,Vasco_da_Gama
4344,Vatican_City
4345,Vegetable
4346,Vegetation
4347,Velociraptor
4348,Venezuela
4349,Venn_diagram
4350,Venus
4351,Venus_and_Adonis_(opera)
4352,Vernon_Kell
4353,Vertebrate
4354,Vestigial_structure
4355,Vicia_faba
4356,Victor_Hugo
4357,"Victoria,_Seychelles"
4358,Victoria_Cross
4359,Victoria_of_the_United_Kingdom
4360,Video
4361,Vienna
4362,Vietnam
4363,Vietnam_War
4364,Viking
4365,Vinaya
4366,Vincent_van_Gogh
4367,Virgil
4368,Virginian_Railway
4369,Virtuti_Militari
4370,Virus
4371,Visual_arts
4372,Vitamin
4373,Vitamin_C
4374,Vitamin_D
4375,Vitus_Bering
4376,Vivien_Leigh
4377,Vladimir_Lenin
4378,Vodafone
4379,Volcanic_pipe
4380,Volcano
4381,Vole
4382,Volga_River
4383,Volleyball
4384,Volt
4385,Voltaire
4386,Voting
4387,Vowel
4388,Voynich_manuscript
4389,Vulgar_Latin
4390,Vulture
4391,W._Mark_Felt
4392,WTA_Tour_Championships
4393,Wader
4394,Waheguru
4395,Wake_Island
4396,Wales
4397,Wall_Street
4398,Wallaby
4399,Wallis_and_Futuna
4400,Walrus
4401,Walt_Disney
4402,Walt_Whitman
4403,Walter_Raleigh
4404,Walter_Scott
4405,War
4406,War_and_Peace
4407,War_in_Somalia_(2006–present)
4408,War_of_the_League_of_Cambrai
4409,War_of_the_Spanish_Succession
4410,Ward_Cunningham
4411,Warren_G._Harding
4412,Wars_of_Castro
4413,Wars_of_the_Roses
4414,Warsaw
4415,Warsaw_Uprising_(1794)
4416,Wasabi
4417,"Washington,_D.C."
4418,Washington_Metro
4419,Washington_streetcars
4420,Wasp
4421,Waste_management
4422,Watch
4423,Watchmen
4424,Water
4425,Water_Buffalo
4426,Water_polo
4427,Water_purification
4428,Water_resources
4429,Watercolor_painting
4430,Watling_Street
4431,Wave
4432,Wave–particle_duality
4433,Wayne_Rooney
4434,Weakest_Link
4435,Weapon
4436,Weasel
4437,Weather
4438,Weather_forecasting
4439,Weather_map
4440,Weed
4441,Weight_training
4442,Weimar_Republic
4443,Welding
4444,Wellington
4445,Welsh_law
4446,Wernher_von_Braun
4447,Wessex
4448,West_Bank
4449,West_Flemish
4450,West_Virginia
4451,Western_Front_(World_War_I)
4452,Western_Roman_Empire
4453,Western_Sahara
4454,Western_painting
4455,Westminster_Abbey
4456,Westminster_System
4457,Weston-super-Mare
4458,Westport_Country_Playhouse
4459,Weyauwega_derailment
4460,Weymouth
4461,Weyto_language
4462,Whale
4463,Whale_shark
4464,Whale_song
4465,Wheat
4466,Where_Did_Our_Love_Go
4467,Whipworm
4468,White's_Tree_Frog
4469,White-tailed_Eagle
4470,White_Mountain_art
4471,White_Wagtail
4472,White_cliffs_of_Dover
4473,Whitethroat
4474,Whitney_Joins_The_JAMs
4475,Whooping_Crane
4476,Wigeon
4477,Wikimedia_Foundation
4478,Wikinews
4479,Wikipedia
4480,Wikipedia_Text_of_the_GNU_Free_Documentation_License
4481,Wikisource
4482,Wikispecies
4483,Wild_cat
4484,Wildebeest
4485,Willem_Barents
4486,William_Butler_Yeats
4487,William_Edington
4488,William_Ewart_Gladstone
4489,William_Gilbert
4490,William_Gladstone
4491,William_Harvey
4492,William_Henry_Harrison
4493,William_Hogarth
4494,William_Howard_Taft
4495,William_III_of_England
4496,William_II_of_England
4497,William_IV_of_the_United_Kingdom
4498,William_I_of_England
4499,William_Mahone
4500,William_McKinley
4501,William_N._Page
4502,William_Pitt_the_Younger
4503,William_Renshaw
4504,William_Shakespeare
4505,William_Tecumseh_Sherman
4506,"William_Thomson,_1st_Baron_Kelvin"
4507,William_Wilberforce
4508,William_and_Mary
4509,William_the_Silent
4510,Wind
4511,Windows_2000
4512,Windows_Vista
4513,Windows_XP
4514,Windsor_Castle
4515,Wine
4516,Winfield_Scott_(ship)
4517,Winfield_Scott_Hancock
4518,Winston_Churchill
4519,Winston_Tunnel
4520,Winter
4521,Witold_Pilecki
4522,Wolf_Brother
4523,Wolfgang_Amadeus_Mozart
4524,Wolverine
4525,Wombat
4526,Women's_rights
4527,Wood
4528,Wood_Pigeon
4529,Wood_fuel
4530,Woodpecker
4531,Woodrow_Wilson
4532,Woodruff
4533,Woodworking
4534,WorkChoices
4535,Work_(thermodynamics)
4536,Working_poor
4537,World_Bank_Group
4538,World_Health_Organization
4539,World_Heritage_Site
4540,World_Trade_Organization
4541,World_War_I
4542,World_War_II
4543,World_Wide_Web
4544,Worm
4545,Wowpurchase
4546,Wren
4547,Wrench
4548,Wrestling
4549,Wright_brothers
4550,Writing
4551,Wyndham_Robertson
4552,X-Men__The_Last_Stand
4553,X_Window_System
4554,X_Window_System_protocols_and_architecture
4555,X_Window_core_protocol
4556,Xanadu_House
4557,Xenon
4558,Yagan
4559,Yak
4560,Yamoussoukro
4561,Yangtze_River
4562,"Yarralumla,_Australian_Capital_Territory"
4563,Yeast
4564,Yellow_River
4565,Yellow_fever
4566,Yellowhammer
4567,Yellowstone_National_Park
4568,Yemen
4569,Yenisei_River
4570,Yes_Minister
4571,Yeti
4572,Yom_Kippur_War
4573,York
4574,Yorkshire_Dales
4575,Yotsuya_Kaidan
4576,You're_Still_the_One
4577,Ytterbium
4578,Yttrium
4579,Yugoslavia
4580,"Yungay,_Peru"
4581,Yuri_Gagarin
4582,Yuri_Knorosov
4583,Zürich
4584,ZX_Spectrum
4585,Zachary_Taylor
4586,Zambezi
4587,Zambia
4588,Zara_Yaqob
4589,Zebra
4590,Zebra_shark
4591,Zeus
4592,Zhang_Qian
4593,Zheng_He
4594,Ziad_Jarrah
4595,Zimbabwe
4596,Zinc
4597,Zinc_chloride
4598,Zion_National_Park
4599,Zionism
4600,Zirconium
4601,Zoroaster
4602,Zuid-Gelders
4603,Zulu
